Name,Calories (kcal),Total fat (g),Saturated fat (g),Cholesterol (mg),Sodium (mg),Total carbohydrate (g),Dietary fiber (g),Sugars (g),Protein (g),Vitamin D (mcg),Calcium (mg),Iron (mg),Potassium (mg),Category,Concentrated fruit and vegetable (%),FNVL (%),Health Star Rating,image url
Orange juice,45,0.2,0,0,1,10,0.2,8.4,0.7,0,11,0.2,200,1,100,0,3,https://salimaskitchen.com/wp-content/uploads/2022/01/Fresh-Squeezed-Orange-Juice-Salimas-Kitchen-20.jpg
Tomato juice,17,0.3,0,0,253,3.5,0.4,2.6,0.9,0,10,0.4,217,1,100,0,4,https://www.simplyrecipes.com/thmb/z95Tx3jzQkPNc_i1MlDHmy2pI-Q=/1500x0/filters:no_upscale():max_bytes(150000):strip_icc()/__opt__aboutcom__coeus__resources__content_migration__simply_recipes__uploads__2008__08__homemade-tomato-juice-horiz-a-1200-c37b5128f0f248999446fc460f8afb96.jpg
Grape juice,60,0.1,0,0,5,15,0.2,14,0.4,0,11,0.3,104,1,100,0,1.5,https://www.simplyrecipes.com/thmb/lfzVGYwhjKcLfFDJSef9CgpBXJs=/1500x0/filters:no_upscale():max_bytes(150000):strip_icc()/Simply-Recipes-Homemade-Grape-Juice-LEAD-3-708f317f8fe94c91a039b5867e48662e.jpg
Banana juice,80,2.3,0.9,5,38,13,1.1,9.5,2.9,0.8,79,0.2,225.6,1,100,0,2,https://www.indianveggiedelight.com/wp-content/uploads/2022/08/banana-juice-featured.jpg
Pineapple juice,53,0.1,0,0,2,13,0.2,10,0.4,0,13,0.3,130,1,100,0,2.5,https://4.imimg.com/data4/NE/MW/MY-85258/pineapple-juice.jpg
Apple juice,46,0.1,0,0,4,11,0.2,9.6,0.1,0,8,0.1,101,1,100,0,2.5,https://vegboxfresh.co.uk/cdn/shop/products/AppleJuice_f42254d5-a00c-4e3e-b695-9d70bbf194d2_800x.jpg?v=1604669333
Mango juice,51,0.1,0,0,5,13,0.3,12,0.1,0,17,0.4,24,1,100,0,2,https://sainthonore.com.vn/media/product/2023/05//mango-frooti.jpg
Water,0,0,0,0,4,0,0,0,0,0,3,0,0,1,0,0,5,https://www.thespruceeats.com/thmb/4Uxr_CKC7aR-UhEicIvVqLaiO0k=/1500x0/filters:no_upscale():max_bytes(150000):strip_icc()/GettyImages-488636063-5ab2dbd8a8ff48049cfd36e8ad841ae5.jpg
Coffee,1,0,0,0,2,0,0,0,0.1,0,2,0,49,1,0,0,3.5,https://upload.wikimedia.org/wikipedia/commons/e/e4/Latte_and_dark_coffee.jpg
Decaf coffee,2,0,0,0,4,0.4,0,0,0.1,0,4,0,36,1,0,0,3.5,https://www.nescafe.com/ph/sites/default/files/2022-09/NESCAF%C3%89%20CLASSIC%20DECAF%20-%20160g.png
Tea,1,0,0,0,0,0.3,0,0,0,0,0,0,21,1,0,0,3.5,https://www.allrecipes.com/thmb/NFy4q5C38-ivZnk4nXGuiWgqUEc=/1500x0/filters:no_upscale():max_bytes(150000):strip_icc()/Why-Does-Tea-Make-You-Nauseated-4x3-11186feb90ad4a04a7516121d955947a.png
Green tea,1,0,0,0,1,0,0,0,0.2,0,0,0,8,1,0,0,3.5,https://product.hstatic.net/200000467213/product/l-intro-1642516069_95836a45219e4251a7284f0b94007f91.jpg
Peach tea,30,0,0,0,2.9,7.7,0,7.4,0,0,0.1,0,34.4,1,0,0,1,https://minimalistbaker.com/wp-content/uploads/2014/06/PERFECT-Peach-Iced-Tea.-So-easy-summery-and-perfect-for-sipping-by-the-pool.jpg
Sweet tea,31,0,0,0,0.1,8,0,7.8,0,0,0.1,0,19.5,1,0,0,1,https://www.allrecipes.com/thmb/REETjYFdVRmMtwVHPT66VmQVmmI=/1500x0/filters:no_upscale():max_bytes(150000):strip_icc()/109190-smooth-sweet-tea-DDMFS-4x3-9e849a386d414cb2b852099f02b6782d.jpg
Lemon tea,1.2,0,0,0,0.3,0.4,0,0,0,0,0.1,0,22.2,1,0,0,3.5,https://www.sharmispassions.com/wp-content/uploads/2011/04/LemonTea1.jpg
Black tea,1,0,0,0,0,0.3,0,0,0,0,0,0,21,1,0,0,3.5,https://www.sharmispassions.com/wp-content/uploads/2021/05/BlackTea4-500x375.jpg
Ginger tea,1,0,0,0,1,0.2,0,0,0,0,2,0.1,9,1,0,0,3.5,https://www.eatingwell.com/thmb/Xbf8vs7mGhshDsjtBuPpxxAicVs=/1500x0/filters:no_upscale():max_bytes(150000):strip_icc()/ginger-tea-87d96c8e2e9a43ea941b50aa3de62d5c.jpg
Raspberry tea,34,0,0,0,0.1,8.8,0,8.5,0,0,0.1,0,19.4,1,0,0,1,https://cdn-amz.woka.io/images/I/81XPEeRh+RL.jpg
Pomegranate tea,1,0,0,0,1,0.2,0,0,0,0,2,0.1,9,1,0,0,3.5,https://www.maangchi.com/wp-content/uploads/2015/01/pomegranate-tea1.jpg
Soda,42,0.3,0,0,3,10,0,9.9,0,0,1,0,5,1,0,0,0.5,https://cdn.tgdd.vn/Products/Images/2443/84440/bhx/soda-schweppes-lon-330ml-202303111634269963.jpg
Pepsi soda,42,0.3,0,0,3,10,0,9.9,0,0,1,0,5,1,0,0,0.5,https://i5.walmartimages.com/seo/Pepsi-Cola-Soda-Pop-2-Liter-Bottle_94c2ccdb-ea90-40c0-8cb7-19896e45562d.896229cf30bd9b19eaf07fdabd5f6631.jpeg
Sprite soda,41,0,0,0,10,10,0,10,0.1,0,2,0,1,1,0,0,0.5,https://cdn-amz.woka.io/images/I/71-29yqCPzL.jpg
Orange soda,48,0,0,0,12,12,0,0,0,0,5,0.1,2,1,0,0,2,https://www.tastingtable.com/img/gallery/15-popular-orange-sodas-ranked-worst-to-best/intro-1677622868.jpg
Soda coca cola,42,0.3,0,0,3,10,0,9.9,0,0,1,0,5,1,0,0,0.5,https://www.ubuy.vn/productimg/?image=aHR0cHM6Ly9pNS53YWxtYXJ0aW1hZ2VzLmNvbS9zZW8vY29jYS1jb2xhLXNvZGEtY29rZS0yMC1vdW5jZS0yNC1ib3R0bGVzXzNjZTBmYTFlLTNmZWQtNDkwYi1iZGFlLTRjZDBhYzU5OTNmNC4xNTY5NmZiZjMxM2UzNjQ1OTJlN2ZiOWI4NWZlMGEzNC5qcGVn.jpg
Diet soda,2,0,0,0,8,0.3,0,0,0.1,0,3,0.1,8,1,0,0,3.5,https://www.usatoday.com/gcdn/media/USATODAY/GenericImages/2013/07/10/1373481356000-GAN-DIET-SODA-STUDY-071013-1307101436_1_1.jpg
Lemonade,40,0,0,0,4,10,0,10,0.1,0,4,0.2,15,1,80,0,2,https://cdn.apartmenttherapy.info/image/upload/v1556729379/k/archive/bcbceed90d40c95acd29cf8295f6fda017ba9887.jpg
Limeade,52,0,0,0,3,14,0,13,0,0,2,0,10,1,80,0,1,https://www.spendwithpennies.com/wp-content/uploads/2021/05/Homemade-Limeade-SpendWithPennies-8-500x500.jpg
Jelly,266,0,0,0,30,70,1,51,0.2,0,7,0.2,54,1,0,0,0.5,"https://images.immediate.co.uk/production/volatile/sites/30/2020/08/fresh-raspberry-jelly-3bd57c3.jpg?quality=90&resize=500,454"
Soy milk,41,1.7,0.2,0,49,3.3,0.4,2.5,2.9,1.2,123,0.4,123,1,100,0,4,https://upload.wikimedia.org/wikipedia/commons/thumb/f/fc/004-soymilk.jpg/1200px-004-soymilk.jpg
Almond milk,23,1,0.1,0,3.9,3.2,0.3,2.9,0.4,0,8.3,0.1,14.8,1,100,0,4,https://media.bluediamond.com/uploads/2022/11/03101425/almond-breeze-almondmilk-shelf-stable-vanilla.png
Hazelnut milk,46,1.5,0.1,0,3.6,7.9,0.3,5.9,0.5,0,5.9,0.1,19.9,1,100,0,3.5,https://www.theblendergirl.com/wp-content/uploads/2018/07/Hazelnut_Milk.jpg
Coconut milk,197,21,19,0,13,2.8,0,0,2,0,18,3.3,220,1,0,0,1,https://cdn-amz.woka.io/images/I/81xtWnMMx3L.jpg
Espresso,9,0.2,0.1,0,14,1.7,0,0,0.1,0,2,0.1,115,1,0,0,3,https://cdn.tgdd.vn/Files/2023/07/11/1537842/espresso-la-gi-nguyen-tac-pha-espresso-dung-chuan-202307120718497350.jpg
Soy latte,36,1.3,0.2,0,35,3.8,0.3,2.5,2.1,1,105,0.4,121.9,1,0,0,2,https://www.keepingthepeas.com/wp-content/uploads/2022/03/soy-latte-2.jpg
Chai latte,66,1.2,0.7,4.6,30,12,0.3,8.7,2,0.6,78,0.1,105.2,1,0,0,0.5,https://i2.wp.com/www.downshiftology.com/wp-content/uploads/2022/02/Chai-Latte-5.jpg
Almond milk latte,21,0.9,0.1,0,5.2,3,0.2,2.5,0.4,0,7.4,0.1,28.5,1,0,0,2.5,https://www.keepingthepeas.com/wp-content/uploads/2021/04/almond-milk-latte-11-500x500.jpg
Hazelnut latte,58,1.6,1,6.3,39,8.4,0,8.4,2.6,0.9,94,0,129.6,1,0,0,0.5,https://www.wearetateandlylesugars.com/sites/wearetateandlylesugars_com/files/2022-11/CoffeeHotMilk_Hazelnut_F1-500x400px.png
Milk,50,2,1.3,8,47,4.8,0,5.1,3.3,1.2,120,0,140,1D,0,0,4,https://cdn.britannica.com/77/200377-050-4326767F/milk-splashing-glass.jpg
Milkshake,119,2.7,1.7,11,111,21,0.3,21,3.1,1,132,0.3,224,1D,0,0,0.5,https://www.allrecipes.com/thmb/Hf2QcoX0D-p-B_KM_lQBokeEm00=/1500x0/filters:no_upscale():max_bytes(150000):strip_icc()/4459682-vanilla-milkshake-House-of-Aqua-4x3-1-e3d610774d8f4dc1ac38ac0b1eddf971.jpg
Oreo milkshake,139,4.3,2.2,11,118,22,0.2,20,4,1.1,136,1,187,1D,0,0,1,https://www.whiskaffair.com/wp-content/uploads/2020/07/Oreo-Milkshake-2-3.jpg
Vanilla milkshake,112,3,1.9,12,95,18,0,18,3.9,1.2,146,0.1,183,1D,0,0,1.5,https://bakingmischief.com/wp-content/uploads/2020/03/vanilla-milkshake-photo.jpg
Chocolate milkshake,119,2.7,1.7,11,111,21,0.3,21,3.1,1,132,0.3,224,1D,0,0,0.5,"https://images.immediate.co.uk/production/volatile/sites/30/2020/08/milkshake-b0d6105.jpg?resize=768,574"
Strawberry milkshake,113,2.8,1.7,11,83,19,0.4,0,3.4,0,113,0.1,182,1D,0,0,4,https://images.eatthismuch.com/img/45369_erin_m_9c523a97-470b-461f-9758-d4fb3c6c9e7b.png
Chocolate milk,83,3.4,2.1,12,60,10,0.8,9.5,3.2,1.3,112,0.2,167,1D,0,0,2,https://www.thespruceeats.com/thmb/7qHhYYQE91l6QZTeDc59HKXgIOQ=/1500x0/filters:no_upscale():max_bytes(150000):strip_icc()/chocolate-milk-recipe-2355494-hero-01-d44b4548f5904a758ed12d5caa0466fd.jpg
Vietnamese coffee,66,1.8,1.1,7,27,11,0,11,1.7,0,60,0.1,99.5,1D,0,0,3,https://product.hstatic.net/200000221395/product/z2125630029300_cfc226d2c821fca4c9a2be05d91ca576_5179b0e0f49948b398d307b9f13e7cfb_master.jpg
Latte,44,1.7,1.1,6.9,42,4.4,0,4.4,2.9,1,104,0,136.5,1D,0,0,4,https://www.acouplecooks.com/wp-content/uploads/2020/09/Latte-Art-067s.jpg
Mocha latte,88,3.2,2,12,51,12,0.3,5.6,3.3,0.9,115,0.3,167.3,1D,0,0,3.5,https://www.spoonfulofflavor.com/wp-content/uploads/2021/11/mocha-latte-recipe.jpg
Nonfat latte,31,0.1,0.1,1.7,38,4.5,0,4.4,2.9,1,105,0,150.3,1D,0,0,4.5,https://wearenotmartha.com/wp-content/uploads/taylor-swift-starbucks-drink-nonfat-caramel-latte-12-2.jpg
Milk tea,30,1.3,0.8,4,17,3.5,0,3.4,1.3,0.5,45,0,65.3,1D,0,0,4,https://recipe52.com/wp-content/uploads/2022/11/ginger-milk-tea_1.jpg
Boba tea,48,0.1,0.1,0.4,3.3,12,0.1,3.9,0.2,0.1,9,0.2,18.3,1D,0,0,4,https://bellyfull.net/wp-content/uploads/2022/04/Boba-Tea-blog-1.jpg
Condensed milk,321,8.7,5.5,34,127,54,0,54,7.9,0.2,284,0.2,371,1D,0,0,0.5,https://www.simplyrecipes.com/thmb/vPtJoeHb-MTvjpt2UhQAj1BGUHo=/1500x0/filters:no_upscale():max_bytes(150000):strip_icc()/Simply-Recipe-Sweetened-Condensed-Milk-LEAD-06-5d49c1a582cc4743b0dfa99a7aa1688f.jpg
Hot chocolate,55,0.6,0.3,0,73,12,0.5,9,0.9,0,21,0.2,99,1D,0,0,3,"https://assets.epicurious.com/photos/61eb09dfb37c8d2963dd7bde/1:1/w_2849,h_2849,c_limit/HotCocoaForOne_RECIPE_012022_086_VOG_final.jpg"
Smoothie,80,0.8,0.5,2.5,29,17,1.4,12,2.7,0,80,0.2,269.5,1D,0,0,3.5,"https://hips.hearstapps.com/hmg-prod/images/delish-how-to-make-a-smoothie-horizontal-1542310071.png?crop=0.8893333333333334xw:1xh;center,top&resize=1200:*"
Banana smoothie,86,1.1,0.6,3.9,27,18,1.2,11,2.2,0.5,68,0.2,251.4,1D,0,60,3.5,https://i2.wp.com/www.downshiftology.com/wp-content/uploads/2023/06/Banana-Smoothie-5.jpg
Strawberry smoothie,90,0.7,0.4,2.7,43,17,0.3,16,3.2,0.4,111,0.1,169.8,1D,0,60,3,https://www.acouplecooks.com/wp-content/uploads/2020/04/Strawberry-Smoothie-003.jpg
Spinach smoothie,59,0.8,0.1,0,9.4,13,2.2,7.2,1.4,0.2,55,0.5,240.5,1D,0,60,4,https://www.jessicagavin.com/wp-content/uploads/2020/07/spinach-smoothie-4-1200.jpg
Kiwi smoothie,79,0.9,0.5,3,26,17,1.2,14,2.2,0.2,75,0.2,190,1D,0,60,3.5,https://www.acouplecooks.com/wp-content/uploads/2020/12/Kiwi-Smoothie-006.jpg
Tropical smoothie,60,0.3,0.1,0,2.9,15,1.5,13,0.6,0,14,0.3,161.5,1D,0,60,3,https://bakerbynature.com/wp-content/uploads/2011/05/Tropical-Smoothie-123456-1-of-1.jpg
Pineapple smoothie,86,1.1,0.6,3.9,27,18,1.2,11,2.2,0.5,68,0.2,251.4,1D,0,60,3.5,https://www.acouplecooks.com/wp-content/uploads/2020/06/Pineapple-Smoothie-007.jpg
Cappuccino,42,1.6,1,6.4,40,4.2,0,4,2.6,1,96,0,134.8,1D,0,0,4.5,https://upload.wikimedia.org/wikipedia/commons/thumb/c/c8/Cappuccino_at_Sightglass_Coffee.jpg/1200px-Cappuccino_at_Sightglass_Coffee.jpg
Goi du du,51,1.1,0.2,0,287,10,1.7,7.1,1.2,0,22,0.3,202.8,2,0,100,4,https://www.cet.edu.vn/wp-content/uploads/2019/07/goi-du-du-chua-ngot.jpg
Salad,24,0.2,0,0,37,5,2,2.2,1.5,0,44,1,283.8,2,0,100,4.5,https://www.eatingwell.com/thmb/rmLlvSjdnJCCy_7iqqj3x7XS72c=/1500x0/filters:no_upscale():max_bytes(150000):strip_icc()/chopped-power-salad-with-chicken-0ad93f1931524a679c0f8854d74e6e57.jpg
Lecttuce salad,24,0.2,0,0,37,5,2,2.2,1.5,0,44,1,283.8,2,0,100,4.5,https://insimoneskitchen.com/wp-content/uploads/2014/06/Lettuce-and-cucumber-salad-07.jpg
Spinach salad,158,12,4.4,75,291,3.7,1.1,1.6,8,0.6,46,1.4,337.8,2,0,100,4,"https://hips.hearstapps.com/hmg-prod/images/spinachsaladhorizontal-jpg-1592245758.jpg?crop=0.636xw:0.952xh;0.0689xw,0.0481xh&resize=1200:*"
Beet salad,231,20,4.1,7.1,223,9.4,1.8,6.9,4.3,0.1,59,1,241,2,0,100,3.5,https://www.happyfoodstube.com/wp-content/uploads/2019/11/beet-salad-with-feta-image.jpg
Greek salad,113,9.4,3.5,16,233,4.7,1,2.6,3.2,0.1,105,0.6,150.3,2,0,100,4,https://i2.wp.com/www.downshiftology.com/wp-content/uploads/2018/08/Greek-Salad-6-1.jpg
Caesar salad,158,13,2.7,12,378,7.5,1.9,1.6,3.3,0,81,1.1,200.9,2,0,100,4,https://natashaskitchen.com/wp-content/uploads/2019/01/Caesar-Salad-Recipe-3.jpg
Caprese salad,136,10,4.9,27,272,2.9,0.7,1.8,8.2,0.1,183,0.4,157.6,2,0,100,4,https://natashaskitchen.com/wp-content/uploads/2019/08/Caprese-Salad-6.jpg
Edamame salad,116,4.5,0.6,0,157,15,4.4,2.6,6.1,0,30,1.5,268.2,2,0,100,5,https://reciperunner.com/wp-content/uploads/2019/09/Asian-Edamame-Salad-Photograph-scaled.jpg
Seaweed salad,115,7.8,1.1,0,1236,8.6,1.9,3.5,3.1,0,76,1.5,242.4,2,0,100,3,https://www.siftandsimmer.com/wp-content/uploads/2021/07/seaweed-salad-wakame2.jpg
Pho,90,2,0.4,12,460,11,0.8,1.9,6.6,0,16,0.9,191.5,2,0,0,3.5,https://www.recipetineats.com/wp-content/uploads/2019/04/Beef-Pho_6.jpg
Pho ga,54,1.3,0.2,9.4,368,6.5,0.6,1.2,4,0,10,0.4,69.2,2,0,0,3.5,https://cdn.tgdd.vn/2021/09/CookProduct/1200(3)-1200x676-2.jpg
Pho nam,89,2.2,0.6,12,455,11,0.8,1.9,5.9,0,15,0.7,179.5,2,0,0,3,https://foodelivietnam.com/wp-content/uploads/2021/12/2.jpg
Banh mi,232,6.8,2,61,387,29,1.4,3.8,12.9,0,88,3.2,182,2,0,20,3.5,https://cdn.tgdd.vn/2021/05/CookRecipe/Avatar/banh-mi-thit-bo-nuong-thumbnail-1.jpg
Banh mi thit heo,343,19,6.7,32.7,687,32.3,2,6.3,10.6,0,52,1.9,244.5,2,0,20,1.5,https://chatelaine.com/wp-content/uploads/2022/08/grilled-pork-banh-mi-feature.jpg
Banh mi ga,245,12,1.6,24.5,451,23,1.6,1.6,9.8,0,14,1.5,62.5,2,0,20,3.5,https://www.recipetineats.com/wp-content/uploads/2023/02/Chicken-banh-mi_5.jpg
Banh goi,211,10,2.3,25,372,20,1.3,1,9.4,0.1,38,1.4,185.9,2,0,0,3.5,https://cdn.tgdd.vn/2023/04/CookDish/cach-lam-banh-goi-nhan-thit-don-gian-ma-ngon-ngat-ngay-avt-1200x676.jpg
Banh can,202,10,2.1,29,301,16,0.3,0.2,11,0.3,17,1.1,154,2,0,0,3.5,https://cdn.tgdd.vn/Files/2020/06/24/1265158/cach-lam-banh-can-da-lat-chuan-vi-lam-mot-lan-la-an-ngay-202006240904228277.jpg
Banh giay,212,3.8,0.4,0,133,40,1.2,0.1,3,0,6.5,0.2,38.4,2,0,0,3.5,https://cdn.tgdd.vn/Files/2019/08/31/1193516/banh-giay-hay-banh-day-moi-la-dung-202201200859405454.jpg
Banh cuon,118,5.1,1.2,39,720,8.7,0.6,1.2,9.6,0,14,0.7,326.5,2,0,0,3,https://cdn.tgdd.vn/Files/2020/05/21/1257167/cach-lam-banh-cuon-bang-chao-chong-dinh-chi-10-phut-co-ngay-bua-sang-202208151607177009.jpg
Banh khot,202,10,2.1,29,301,16,0.3,0.2,11,0.3,17,1.1,154,2,0,0,3.5,https://img-global.cpcdn.com/recipes/b9efd1f8030db9cc/680x482cq70/banh-kh%E1%BB%8Dt-tom-th%E1%BB%8Bt-recipe-main-photo.jpg
Banh bot loc ,160,6.6,0.7,30,260,20,0.6,1.6,4.8,0.1,26,0.6,87.8,2,0,0,3.5,https://cdn.tgdd.vn/Files/2015/12/05/752695/cach-lam-banh-bot-loc-ngon-6-760x367.jpg
Banh xeo,139,4.9,2.1,22,99,17,1.2,0.9,6.2,0.1,19,0.9,144.5,2,0,0,3.5,https://cdn.tgdd.vn/Files/2020/05/20/1256908/troi-mua-thu-lam-banh-xeo-kieu-mien-bac-gion-ngon-it-dau-mo-202005201034115966.jpg
Banh tieu,313,15,1.2,0,410,40,1.8,11,4.7,0,91,2.4,66,2,0,0,2.5,https://fullofplants.com/wp-content/uploads/2020/05/super-tender-hollow-sesame-brioche-vietnamese-inspired-vegan-banh-tieu-thumb.jpg
Banh trang,330,1.3,0.4,0,0.4,72,2.2,0.1,5.4,0,9.3,0.3,68.5,2,0,0,3.5,https://i-giadinh.vnecdn.net/2023/08/05/mon-7-1691221823-6409-1691221866.jpg
Banh trung thu,286,12,3.3,340,228,36,1.9,19,9.1,1.7,59,1.5,134.1,2,0,0,3,https://static.vinwonders.com/production/nguyen-lieu-lam-banh-trung-thu-1.jpg
Canh chua,35,1.5,0.3,7.9,108,2.9,0.6,2,2.9,0,15,0.3,102.9,2,5,60,4,https://i-giadinh.vnecdn.net/2023/04/25/Thanh-pham-1-1-7239-1682395675.jpg
Bun bo Hue,88,1.9,0.4,13,504,11,1,1.8,6.5,0,17,1,203,2,0,0,3.5,https://www.marionskitchen.com/wp-content/uploads/2021/09/Bun-Bo-Hue8635.jpg
Bun bo xao,109,3.3,1,14,408,14,1.1,3.3,5.9,0,26,0.9,172.3,2,0,0,3.5,https://www.cooking-therapy.com/wp-content/uploads/2020/04/Bun-Bo-Xao-7-scaled.jpg
Bun thit nuong,150,7.3,1.2,11,666,17,1,5.8,4.9,0.1,22,0.6,124.2,2,0,0,3,https://www.cooking-therapy.com/wp-content/uploads/2023/08/Bun-Thit-Nuong-14.jpg
Cha gio,241,10,1.5,13,548,30,1.6,1.3,7.8,0.1,26,1.7,156.5,2,0,0,3,https://cdn.tgdd.vn/Files/2017/03/28/965860/cach-lam-mon-cha-gio-thom-ngon--5_760x536.jpg
Goi cuon,118,3.3,0.7,75,494,12,1,1.4,10,0,49,0.5,178.1,2,0,50,4,https://cdn.tgdd.vn/Files/2017/03/22/963738/cach-lam-goi-cuon-tom-thit-thom-ngon-cho-bua-com-gian-don-202203021427281747.jpg
Thit kho nuoc dua,208,20,7.2,53,326,2.2,0.4,1.6,4.8,0.2,16,0.4,174,2,0,0,2.5,https://cdn.tgdd.vn/Files/2019/09/30/1203540/bi-quyet-lam-thit-kho-nuoc-dua-ngon-het-say-cua-me-mien-tay-202206061026329930.jpg
Bao,234,4.4,1.5,14,344,38,1.4,4.4,9.5,0.1,55,2.4,132.9,2,0,0,3.5,https://takestwoeggs.com/wp-content/uploads/2021/03/Ba?nh-Bao-Vietnamese-Steamed-Pork-Buns-takestwoeggs-sq.jpg
Fried rice,174,3,0.5,18,387,33,1.1,0.6,4.1,0,12,0.7,76,2,0,0,3,https://www.allrecipes.com/thmb/G96Vc_7F5Dm0csJJb2STC6tO97k=/1500x0/filters:no_upscale():max_bytes(150000):strip_icc()/79543-fried-rice-restaurant-style-mfs-49-79b33da67e2643e8b585972cd92c5821.jpg
Kimchi fried rice,153,8.3,3.6,68,355,14,0.9,0.7,5.4,0.3,25,0.5,253.1,2,0,40,3,https://takestwoeggs.com/wp-content/uploads/2022/03/Kimchi-Fried-Rice-Kimchi-bokkeumbap-takestwoeggs-final-photography-sq.jpg
Garlic fried rice,168,5.3,0.4,0,177,27,0.1,0,2.3,0,5.1,0.2,33,2,0,0,3.5,https://chefsavvy.com/wp-content/uploads/filipino-garlic-fried-rice.jpg
Roasted duck,337,28,9.7,84,59,0,0,0,19,0.1,11,2.7,204,2,0,0,2,"https://assets.epicurious.com/photos/5c93f15d7903444d883ded50/16:9/w_5648,h_3177,c_limit/Crisp-Roast-Duck-19032019.jpg"
Sushi,165,8.9,1.3,8.1,254,18,1.5,3.3,3.7,0,27,0.6,139,2,0,5,3.5,https://www.justonecookbook.com/wp-content/uploads/2020/01/Sushi-Rolls-Maki-Sushi-%E2%80%93-Hosomaki-1106-II.jpg
Tuna sushi,117,0.4,0.1,22,26,12,0.2,0,15,1,5.7,0.6,276.4,2,0,10,4.5,https://ocwildseafood.com/cdn/shop/articles/Ahi_Tuna_Sashimi_Seafood_Recipe_1024x.jpg?v=1591853624
Salmon sushi,180,8.1,1.8,31,147,13,0.4,0.5,13,6.2,10,0.3,225.8,2,0,10,4,https://aisforappleau.com/wp-content/uploads/2023/07/how-to-make-sushi-salmon-nigiri-6.jpg
Shrimp sushi,96,0.7,0.2,72,324,13,0.2,0,8.9,0.1,34,0.2,88.7,2,0,10,3.5,https://norecipes.com/wp-content/uploads/2022/02/shrimp-tempura-roll-004.jpg
Sushi california,165,8.9,1.3,8.1,254,18,1.5,3.3,3.7,0,27,0.6,139,2,0,10,3.5,https://upload.wikimedia.org/wikipedia/commons/9/9f/California_Sushi_%2826571101885%29.jpg
French fries,312,15,2.3,0,210,41,3.8,0.3,3.4,0,18,0.8,579,2,0,100,4,"https://images.immediate.co.uk/production/volatile/sites/30/2021/03/French-fries-b9e3e0c.jpg?quality=90&resize=556,505"
Sweet potato fries,276,20,1.6,0,193,23,3.1,5.8,1.5,0,35,0.4,219.6,2,0,100,4,https://www.wellplated.com/wp-content/uploads/2020/08/Baked-Sweet-Potato-Fries.jpg
Chicken burger,259,9.8,2,28,511,28,2,3.2,14,0.1,107,2.2,184.8,2,0,0,3.5,https://simply-delicious-food.com/wp-content/uploads/2022/06/Grilled-chicken-burgers2.jpg
Turkey burger,257,16,5,57,264,12,0.7,2,16,0.2,147,1.7,181,2,0,0,3.5,"https://hips.hearstapps.com/hmg-prod/images/turkey-burger-index-64873e8770b34.jpg?crop=0.6666666666666667xw:1xh;center,top&resize=1200:*"
Bacon burger,468,35,12,99,1684,1.7,0,0,34,0.4,11,1,499,2,0,0,0.5,https://www.allrecipes.com/thmb/iSQnsbR_ZuWaHqCvbvlYJi7LE40=/1500x0/filters:no_upscale():max_bytes(150000):strip_icc()/8143485-c61692d93de7450ea828b50d155c107d.jpg
Hamburger,239,12,4.7,54,350,18,0,0,15,0,45,2.6,252,2,0,0,3.5,https://www.cookingclassy.com/wp-content/uploads/2023/08/hamburgers-20.jpg
Spaghetti,150,0.6,0.1,0,4.8,30,1.3,1.1,5.3,0,10,1.3,90.3,2,0,0,4,https://static01.nyt.com/images/2022/12/23/multimedia/afg-spaghetti-alla-assassina-1-19ef/afg-spaghetti-alla-assassina-1-19ef-superJumbo.jpg
Spaghetti carbonara,199,6.4,2.1,36,188,26,1.5,0.5,8.6,0.2,75,1.2,75.4,2,0,0,3.5,https://static01.nyt.com/images/2021/02/14/dining/carbonara-horizontal/carbonara-horizontal-threeByTwoMediumAt2X-v2.jpg
Spaghetti bolognese,101,3.3,1,9.4,96,13,1.7,2.2,5.2,0,31,1,171.8,2,0,0,4,https://recipetineats.com/wp-content/uploads/2018/07/Spaghetti-Bolognese.jpg
Sausage spaghetti,131,5.7,2,11,250,14,1.2,1.3,6,0.2,36,0.9,121.8,2,0,0,3.5,https://www.premiofoods.com/content/uploads/2017/06/691.jpg
Chicken curry,104,4.6,0.6,32,31,3.2,0.6,0.9,12,0,17,0.9,159.3,2,0,0,4,https://www.allrecipes.com/thmb/FL-xnyAllLyHcKdkjUZkotVlHR8=/1500x0/filters:no_upscale():max_bytes(150000):strip_icc()/46822-indian-chicken-curry-ii-DDMFS-4x3-39160aaa95674ee395b9d4609e3b0988.jpg
Fried chicken,269,15,4.1,90,84,3.2,0.1,0,29,0.1,17,1.4,234,2,0,0,4,https://twoplaidaprons.com/wp-content/uploads/2023/02/Korean-fried-chicken-wings-on-a-plate-thumbnail-shot.jpg
Fried chicken wing,324,22,5.8,79,320,11,0.3,0,20,0,20,1.3,138,2,0,0,3,"https://hips.hearstapps.com/vidthumb/images/delish-fried-chicken-wings-seo-1new-1540589238.jpg?crop=0.75xw:1xh;center,top&resize=1200:*"
Fried chicken breast,260,13,3.5,85,275,9,0.3,0,25,0.1,20,1.3,201,2,0,0,4,https://www.wellplated.com/wp-content/uploads/2021/08/Crispy-Air-Fryer-Chicken-Breast.jpg
Fried chicken tenders,302,17,2.9,46,800,19,0.9,0.2,19,0,18,0.7,324,2,0,0,2,https://www.allrecipes.com/thmb/YwJvX75IUx8uQ7PKz2eTDjCoLvY=/1500x0/filters:no_upscale():max_bytes(150000):strip_icc()/16669-fried-chicken-tenders-DDMFS-4x3-219f03b885be40139c8d93bef21d0a50.jpg
Fried chicken drumstick,245,14,3.7,90,89,1.6,0.1,0,27,0,12,1.3,229,2,0,0,4,https://www.thespruceeats.com/thmb/Ce9JRCp8CRy0TvjpOMG1_zzhrWE=/1500x0/filters:no_upscale():max_bytes(150000):strip_icc()/terris-crispy-fried-chicken-legs-3056879-hero-01-db3cd6bfead040e6ad07528a162db843.jpg
Nugget,307,20,3.6,55,594,15,0.9,0.1,16,0.2,11,0.8,251,2,0,0,3,https://upload.wikimedia.org/wikipedia/commons/thumb/6/64/Chicken_Nuggets.jpg/640px-Chicken_Nuggets.jpg
Fish nugget,229,13,3.3,71,280,8,0.7,0,18,0,44,1.4,340,2,0,0,3.5,https://i0.wp.com/spainonafork.wpengine.com/wp-content/uploads/2020/08/image2-38-22.png?resize=531%2C800&ssl=1
Bbq chicken wings,257,18,4.6,129,579,0.6,0,0.6,23,0,33,0.9,285,2,0,0,2,https://dinnerthendessert.com/wp-content/uploads/2019/11/BBQ-Chicken-Wings-4x3.jpg
Bbq boneless wings,263,12,2.1,32,869,26,0.9,10,13,0,23,0.7,296.1,2,0,0,1.5,https://lilluna.com/wp-content/uploads/2018/05/honey-bbq-wings-resize-5.jpg
Bbq buffalo wings,256,18,5.9,134,840,0.3,0,0.2,22,0.2,18,0.8,202.6,2,0,0,1.5,https://www.allrecipes.com/thmb/zuNFXhgmZkmR_PeMth68O_dBWmA=/1500x0/filters:no_upscale():max_bytes(150000):strip_icc()/8485791-a668c77f982d42ef8ca750ae59eb3e6f.jpg
Bbq honey wings,265,14,3.7,49,454,23,0.5,14,13,0,24,1.4,186.6,2,0,0,2,https://img.buzzfeed.com/thumbnailer-prod-us-east-1/4c41b09cf41644a7b7ca1780edbeb960/BFV8354_Honey_BBQ_Chicken_Wings-FB1080.jpg
Burrito,180,6.8,2.7,12,451,23,3.7,2.1,7,0.1,90,1.8,204,2,0,0,3.5,https://upload.wikimedia.org/wikipedia/commons/thumb/6/60/Burrito.JPG/800px-Burrito.JPG
Burrito beef,180,6.8,2.7,12,451,23,3.7,2.1,7,0.1,90,1.8,204,2,0,0,3.5,https://i.ytimg.com/vi/krkf7ObsTM4/maxresdefault.jpg
Steak burrito,174,6.2,2.6,22,180,21,2.4,1,8.7,0,48,1.3,199,2,0,0,4,https://handletheheat.com/wp-content/uploads/2014/01/Steak-Burrito-SQUARE.jpg
Chicken burrito,166,5.1,2.1,22,184,21,2.4,1,9,0,47,1.2,184.9,2,0,0,3.5,https://www.recipetineats.com/wp-content/uploads/2020/02/Chicken-Burritos_2.jpg
Donut,421,23,9.5,30,316,48,2.1,23,6.1,0.1,101,2.4,102,2,0,0,1.5,https://upload.wikimedia.org/wikipedia/commons/thumb/a/a5/Glazed-Donut.jpg/1200px-Glazed-Donut.jpg
Mapple donut,421,23,9.5,30,316,48,2.1,23,6.1,0.1,101,2.4,102,2,0,0,1.5,https://thecozyapron.com/wp-content/uploads/2019/10/maple-donuts_thecozyapron_1.jpg
Sandwich,267,3.2,0.8,0,508,49,4,5.9,11,0,133,3.5,177,2,0,20,3.5,https://www.southernliving.com/thmb/UW4kKKL-_M3WgP7pkL6Pb6lwcgM=/1500x0/filters:no_upscale():max_bytes(150000):strip_icc()/Ham_Sandwich_011-1-49227336bc074513aaf8fdbde440eafe.jpg
Ham sandwich,172,5.8,1.5,21,622,20,1.9,2.5,9.5,0.3,67,1.8,210.3,2,0,20,3,https://www.southernliving.com/thmb/UW4kKKL-_M3WgP7pkL6Pb6lwcgM=/1500x0/filters:no_upscale():max_bytes(150000):strip_icc()/Ham_Sandwich_011-1-49227336bc074513aaf8fdbde440eafe.jpg
Tuna sandwich,208,7.7,1.3,9.5,426,20,0.7,1.5,14,0,51,1.7,164,2,0,20,3.5,https://lindseyeatsla.com/wp-content/uploads/2023/02/Lindseyeats__Tuna_Sandwich_Recipe-5.jpg
Club sandwich,234,13,4.9,58,535,12,0.9,2,16,0.2,208,1.4,203.3,2,0,20,3,"https://hips.hearstapps.com/hmg-prod/images/delish-200511-seo-club-sandwich-h-14383-eb-1590780714.jpg?crop=0.671xw:1.00xh;0.123xw,0&resize=1200:*"
Bacon sandwich,408,27,12,69,1008,23,1.2,2.6,18,0.4,73,2,268.6,2,0,20,0.5,https://stordflolretailpd.blob.core.windows.net/df-us/lolretail/media/lolr-media/recipe-media-files/recipes/retail/x17/2018_avocado-and-bacon-grilled-cheese_2644_760x580.jpg?ext=.jpg
Turkey sandwich,217,8.9,1.5,31,279,19,1.3,2.6,14,0.1,63,1.7,179.9,2,0,20,4,"https://cdn.apartmenttherapy.info/image/upload/f_jpg,q_auto:eco,c_fill,g_auto,w_1500,ar_1:1/k%2FPhoto%2FRecipes%2F2023-09-turkey-sandwich%2Fturkey-sandwich-814"
Salmon sandwich,292,21,5.8,72,287,12,0.6,2.2,13,0.3,30,0.6,243.6,2,0,20,3,https://thecookreport.co.uk/wp-content/uploads/2022/09/Salmon-Sandwich-Featured.jpg
Chicken sandwich,250,11,2.1,35,753,21,1.4,3.6,16,0.1,58,1.8,245,2,0,20,2,https://www.indianhealthyrecipes.com/wp-content/uploads/2023/09/mayo-chicken-sandwich-recipe.jpg
Lobster roll sandwich,199,8.5,1.4,53,369,13,0.8,0.4,17,0,58,1.5,174.5,2,0,20,4,https://www.eatingwell.com/thmb/ZrNy9pvrIiCo_PVC5G6EH-jlP28=/1500x0/filters:no_upscale():max_bytes(150000):strip_icc()/lobster-roll-ck-226594-4x3-1-b3aea3b5cd3e46b6820e2ca6a5c7b310.jpg
Peanut butter sandwich,392,21,4.2,0,485,39,3.9,6,14,0,109,3,308.7,2,0,0,2.5,https://www.allrecipes.com/thmb/y6DLdlPjzMsKztstkBc8eE2DBik=/1500x0/filters:no_upscale():max_bytes(150000):strip_icc()/9334336-4612d36a81f34f60a0191f7e470092b6.jpg
Sashimi,124,4.4,1.1,89,152,0.9,0,0,19,2.6,27,1.3,333.4,2,0,0,4,"https://images.immediate.co.uk/production/volatile/sites/30/2020/02/sashimi-c123df7.jpg?quality=90&resize=556,505"
Takoyaki,149,6.4,0.8,49,419,15,0.6,0.4,7.7,0.2,81,2.3,174.8,2,0,0,3.5,https://www.justonecookbook.com/wp-content/uploads/2013/10/Takoyaki-NEW-500x375.jpg
Tacos,206,9.8,4.2,25,560,20,2.9,1.6,9.3,0.1,123,1.7,161,2,0,20,3,https://i0.wp.com/www.onceuponachef.com/images/2023/08/Beef-Tacos.jpg?resize=760%2C570&ssl=1
Fish tacos,198,9.7,3.3,35,265,15,1.2,1.1,13,1.6,33,1.2,247,2,0,20,3.5,https://www.evolvingtable.com/wp-content/uploads/2023/05/baja-fish-tacos-42.jpg
Beef tacos,219,11,4.5,34,509,18,1.5,2.4,13,0,116,1.9,244,2,0,20,3,https://www.marthastewart.com/thmb/TqdvJ-yZ_VA9I86P7VXA1sOY6O0=/1500x0/filters:no_upscale():max_bytes(150000):strip_icc()/msledf_1003_beeftaco_horiz-892fe13aeba549d99495e27abc1d68f7.jpgitokb2Re7eO8
Chicken tacos,189,6.4,2.6,29,613,20,1.2,1.3,13,0.1,122,1.6,217,2,0,20,3.5,https://s23209.pcdn.co/wp-content/uploads/2019/08/Easy-Chicken-TacosIMG_9890.jpg
Breakfast tacos,267,16,6,158,475,16,0.9,0.7,14,1,141,1.6,164.8,2,0,20,2,https://www.wellplated.com/wp-content/uploads/2023/01/Best-Easy-Breakfast-Tacos.jpg
Boiled egg,155,11,3.3,373,124,1.1,0,1.1,13,2.2,50,1.2,126,2,0,0,4,https://www.recipetineats.com/wp-content/uploads/2023/03/How-long-to-boil-eggs-square.jpg
Soft boiled egg,155,11,3.3,373,124,1.1,0,1.1,13,2.2,50,1.2,126,2,0,0,4,https://www.onceuponachef.com/images/2017/10/soft-boiled-egg-pin-760x1140.jpg
Fried egg,196,15,4.3,401,207,0.8,0,0.4,14,2.2,62,1.9,152,2,0,0,3.5,https://upload.wikimedia.org/wikipedia/commons/f/f0/Fried_Egg_2.jpg
Deviled egg,225,19,4.4,312,228,1.7,0.4,0.4,11,1.7,54,1.6,137.3,2,0,0,3.5,https://static01.nyt.com/images/2021/10/15/dining/aw-classic-deviled-eggs/aw-classic-deviled-eggs-superJumbo.jpg
Omelette,181,14,3.3,350,299,0.8,0,0.4,12,1.9,54,1.7,132.1,2,0,0,3.5,https://www.onceuponachef.com/images/2021/12/Omelette-1200x1626.jpg
Stew,106,3.2,1.5,34,65,8.2,1.3,1.8,11,0.1,22,1.3,320.3,2,0,0,4,"https://hips.hearstapps.com/hmg-prod/images/beef-stew-index-652e94c53b39b.jpg?crop=0.8891301070405547xw:1xh;center,top&resize=1200:*"
Pork stew,120,6.9,2.7,27,56,6.9,1.1,1.4,7.5,0.4,21,0.8,271.6,2,0,0,4,https://www.eatingwell.com/thmb/AlkeghUYT9JVetwMi3vdYH9hn2s=/1500x0/filters:no_upscale():max_bytes(150000):strip_icc()/ClassicPorkStew_058-51b817dd012d40feb047ff4c321bbde6.jpg
Lamb stew,99,6.7,2.1,18,236,4.4,0.7,0.9,5.4,0,15,0.8,187.9,2,0,0,3.5,"https://hips.hearstapps.com/hmg-prod/images/190326-lamb-stew-325-1553801000.jpg?crop=0.668xw:1.00xh;0.167xw,0&resize=1200:*"
Seafood stew,118,2.4,0.3,43,703,5.4,0.3,0.4,17,0.7,58,1.7,465.7,2,0,0,3.5,https://s23209.pcdn.co/wp-content/uploads/2022/11/220223_DD_Easy-Cioppino_076.jpg
Chicken stew,67,1.1,0.3,18,154,7.7,1,1.7,6.5,0.5,9.8,0.4,272.8,2,0,0,4,https://assets-prd-weg.unataops.com/web/recipe_header/adbf36a5dddc4336a232946824eaaed9.jpg
Beef stew,106,3.2,1.5,34,65,8.2,1.3,1.8,11,0.1,22,1.3,320.3,2,0,0,4,"https://hips.hearstapps.com/hmg-prod/images/beef-stew-index-652e94c53b39b.jpg?crop=0.8891301070405547xw:1xh;center,top&resize=1200:*"
Grilled fish,116,1.7,0.4,84,132,0,0,0,23,1.8,62,0.4,434,2,0,0,4.5,https://thesecretsuppersociety.com/wp-content/uploads/2022/06/Greek-Style-Grilled-Fish-1.jpg
Grilled steak,278,18,7.3,97,52,0,0,0,26,0.3,17,1.8,316,2,0,0,3.5,https://hips.hearstapps.com/hmg-prod/images/how-to-grill-steak-1653399983.jpeg
Grilled salmon,206,12,2.4,63,61,0,0,0,22,13,15,0.3,384,2,0,0,4,https://www.acouplecooks.com/wp-content/uploads/2020/05/Grilled-Salmon-015-1.jpg
Grilled shrimp,119,1.7,0.5,211,947,1.5,0,0,23,0.1,91,0.3,170,2,0,0,3.5,https://www.acouplecooks.com/wp-content/uploads/2018/09/Grilled-Shrimp-006.jpg
Grilled octopus,164,2.1,0.5,96,460,4.4,0,0,30,0,106,9.5,630,2,0,0,4,https://www.allrecipes.com/thmb/J7hX8IQcYGf3vlvfZrz5r7pd29U=/1500x0/filters:no_upscale():max_bytes(150000):strip_icc()/6723522-af2855be1a38418ebd9fc516034ffecc.jpg
Watermelon,30,0.2,0,0,1,7.6,0.4,6.2,0.6,0,7,0.2,112,2,0,0,5,https://megagrico.com/wp-content/uploads/2020/12/watermelon.jpg
Banana,89,0.3,0.1,0,1,23,2.6,12,1.1,0,5,0.3,358,2,0,0,5,https://i5.walmartimages.com/seo/Fresh-Banana-Fruit-Each_5939a6fa-a0d6-431c-88c6-b4f21608e4be.f7cd0cc487761d74c69b7731493c1581.jpeg?odnHeight=768&odnWidth=768&odnBg=FFFFFF
Avocado,160,15,2.1,0,7,8.5,6.7,0.7,2,0,12,0.6,485,2,0,0,5,"https://images.immediate.co.uk/production/volatile/sites/30/2020/02/Avocados-3d84a3a.jpg?quality=90&resize=556,505"
Apple,52,0.2,0,0,1,14,2.4,10,0.3,0,6,0.1,107,2,0,0,5,https://5.imimg.com/data5/AK/RA/MY-68428614/apple.jpg
Orange,49,0.2,0,0,1,13,2.2,8.5,0.9,0,43,0.1,166,2,0,0,5,https://upload.wikimedia.org/wikipedia/commons/thumb/e/e3/Oranges_-_whole-halved-segment.jpg/640px-Oranges_-_whole-halved-segment.jpg
Mandarins orange,53,0.3,0,0,2,13,1.8,11,0.8,0,37,0.2,166,2,0,0,5,https://res.cloudinary.com/hksqkdlah/image/upload/SIL_Citrus_Mandarin-Orange_009_jjrvg8.png
Mango,60,0.4,0.1,0,1,15,1.6,14,0.8,0,11,0.2,168,2,0,0,5,https://vcdn1-english.vnecdn.net/2023/09/17/1-jpeg-6089-1694932077.jpg?w=680&h=0&q=100&dpr=2&fit=crop&s=sfUaaPdg-GMNj_obJ2XN6A
Jackfruit,95,0.6,0.2,0,2,23,1.5,19,1.7,0,24,0.2,448,2,0,0,5,https://i.ex-cdn.com/nongnghiep.vn/files/content/2023/08/11/mit-sau-rieng-can-3-nam-theo-doi-de-dang-ky-cay-giong-dau-dong-192742_769-192743-013320_522.jpg
Cabbage,23,0.1,0,0,8,5.5,1.9,2.8,1.3,0,48,0.2,196,2,0,0,5,"https://hips.hearstapps.com/hmg-prod/images/types-of-cabbages-green-cabbage-1645130375.jpg?crop=0.6672958942897593xw:1xh;center,top&resize=980:*"
Red cabbage,29,0.1,0,0,28,6.9,2.6,3.3,1.5,0,42,0.7,262,2,0,0,5,"https://images.immediate.co.uk/production/volatile/sites/30/2022/08/Red-cabbage-cross-section-5017ef7.jpg?resize=768,574"
Spinach,23,0.3,0,0,70,3.8,2.4,0.4,3,0,136,3.6,466,2,0,0,5,"https://images.immediate.co.uk/production/volatile/sites/30/2013/06/GettyImages-652986635-3dffa4d.jpg?quality=90&resize=556,505"
Strawberry,32,0.3,0,0,1,7.7,2,4.9,0.7,0,16,0.4,153,2,0,0,5,https://upload.wikimedia.org/wikipedia/commons/thumb/4/4c/Garden_strawberry_%28Fragaria_%C3%97_ananassa%29_single2.jpg/800px-Garden_strawberry_%28Fragaria_%C3%97_ananassa%29_single2.jpg
Tomato,18,0.2,0,0,5,3.9,1.2,2.6,0.9,0,10,0.3,237,2,0,0,5,https://upload.wikimedia.org/wikipedia/commons/thumb/8/89/Tomato_je.jpg/1200px-Tomato_je.jpg
Cucumber,15,0.1,0,0,2,3.6,0.5,1.7,0.7,0,16,0.3,147,2,0,0,5,https://www.plantgrower.org/uploads/6/5/5/4/65545169/published/cucumber-slices.jpg?1516496438
Carrot,35,0.2,0,0,58,8.2,3,3.5,0.8,0,30,0.3,235,2,0,0,5,https://blog-images-1.pharmeasy.in/blog/production/wp-content/uploads/2021/04/23175719/shutterstock_440493100-1.jpg
Cauliflower,23,0.5,0.1,0,15,4.1,2.3,2.1,1.8,0,16,0.3,142,2,0,0,5,https://debraklein.com/wp-content/uploads//2021/04/Raw-Cauliflower-Salad-1-1024x1024.jpg
Broccoli,35,0.4,0.1,0,41,7.2,3.3,1.4,2.4,0,40,0.7,293,2,0,0,5,https://domf5oio6qrcr.cloudfront.net/medialibrary/5390/h1218g16207258089583.jpg
Grape,69,0.2,0.1,0,2,18,0.9,15,0.7,0,10,0.4,191,2,0,0,5,https://www.westfaliafruit.com/wp-content/uploads/2019/01/Table-Grapes.jpg
Pear,57,0.1,0,0,1,15,3.1,9.8,0.4,0,9,0.2,116,2,0,0,5,https://www.fourwindsgrowers.com/cdn/shop/products/shutterstock_1693201075_1024x1024.png?v=1621966032
Peach,39,0.3,0,0,0,9.5,1.5,8.4,0.9,0,6,0.3,190,2,0,0,5,https://glycemic-index.net/images/FVRSYndNy8.webp
Pickle,12,0.3,0.1,0,809,2.4,1,1.1,0.5,0,57,0.3,117,2,0,0,2.5,https://upload.wikimedia.org/wikipedia/commons/b/bb/Pickle.jpg
Popcorn,557,34,7.2,0,764,55,10,0.6,7.5,0,20,1.9,240,2,0,100,3.5,https://www.popsci.com/uploads/2018/12/20/GSOZXQT4IFWCVO4O3L6JDYNV5U.jpg?auto=webp&width=1440&height=1211.625
Ramen,135,5,1.7,32,381,16,0.9,1,6.7,0.1,18,1.4,117.8,2,0,0,3.5,https://s23209.pcdn.co/wp-content/uploads/2014/10/220602_DD_Homemade-Ramen_572.jpg
Chicken ramen,135,5,1.7,32,381,16,0.9,1,6.7,0.1,18,1.4,117.8,2,0,0,3.5,https://www.brewinghappiness.com/wp-content/uploads/2018/10/featured-image-3.jpg
Tonkatsu ramen,116,3.9,0.8,44,220,11,0.7,0.9,8.7,0.2,19,0.9,144.7,2,0,0,4,https://glebekitchen.com/wp-content/uploads/2017/04/tonkotsuramenfront.jpg
Miso ramen,85,2.2,0.6,33,260,9.9,0.7,0.7,6.2,0.1,17,0.8,95.3,2,0,0,3.5,https://dishingouthealth.com/wp-content/uploads/2022/01/SpicyMisoRamen_Square.jpg
Miso soup,24,1.2,0.2,0,444,1.5,0.5,0.5,2.4,0,58,0.5,39.3,2,0,30,3,https://upload.wikimedia.org/wikipedia/commons/thumb/e/e8/Miso_Soup_001.jpg/1200px-Miso_Soup_001.jpg
Imitation crab,95,0.5,0.2,20,529,15,0.5,6.3,7.6,0,13,0.4,90,2,0,0,3,https://i0.wp.com/images-prod.healthline.com/hlcmsresource/images/AN_images/imitation-crab-1296x728-feature.jpg?w=1155&h=1528
Ham,139,5.1,1,64,977,1.1,0,1.1,22,0.8,4,0.8,345,2,0,0,3.5,https://upload.wikimedia.org/wikipedia/commons/a/a9/Ham_%284%29.jpg
Pad thai,170,9,2.2,81,263,9.2,0.9,3.6,13,0.3,22,0.9,160.1,2,0,0,3.5,https://www.recipetineats.com/wp-content/uploads/2020/01/Chicken-Pad-Thai_9-SQ.jpg
Pork chop,209,11,3.5,84,55,0,0,0,26,0.8,24,0.8,344,2,0,0,4,"https://hips.hearstapps.com/hmg-prod/images/delish-190618-air-fryer-pork-chops-195-landscape-pf-1561578417.png?crop=0.668xw:1.00xh;0.101xw,0&resize=1200:*"
Meatball,341,27,11,83,63,0,0,0,23,0,13,2.4,324,2,0,0,2,https://www.seriouseats.com/thmb/g04f365GF3HjenAqKDAzWevj_7I=/1500x0/filters:no_upscale():max_bytes(150000):strip_icc()/__opt__aboutcom__coeus__resources__content_migration__serious_eats__seriouseats.com__recipes__images__2011__08__20110817-166545-italian-meatballs-67ac0910f6d9438dad30f9cb6937dd76.jpg
Tofu,83,5.3,0.9,0,4,1.2,1,0.7,10,0,282,2,130,2,0,0,4,https://images.immediate.co.uk/production/volatile/sites/30/2013/07/tofu-6a6a4ef.jpg?resize=960%2C503
Fried tofu,270,20,2.9,0,16,8.9,3.9,2.7,19,0,372,4.9,146,2,0,0,4.5,https://thehiddenveggies.com/wp-content/uploads/2020/03/deep-fried-tofu-squ.jpg
Mapo tofu,102,7.4,1.2,8.3,382,3.1,0.8,1,7.2,0.1,130,1.2,131.1,2,0,0,3.5,https://www.cookwithmanali.com/wp-content/uploads/2021/03/Vegan-Mapo-Tofu.jpg
Pad thai,170,9,2.2,81,263,9.2,0.9,3.6,13,0.3,22,0.9,160.1,2,0,0,3.5,https://www.recipetineats.com/wp-content/uploads/2020/01/Chicken-Pad-Thai_9-SQ.jpg
Cooked rice,130,0.3,0.1,0,1,28,0.4,0.1,2.7,0,10,1.2,35,2,0,0,3.5,"https://hips.hearstapps.com/vidthumb/images/delish-u-rice-2-1529079587.jpg?crop=0.75xw:1xh;center,top&resize=1200:*"
Cooked brown rice,112,0.8,0.2,0,1,24,1.8,0,2.3,0,10,0.5,79,2,0,0,3.5,https://www.recipetineats.com/wp-content/uploads/2020/09/Perfectly-Cooked-Brown-Rice_7-SQ.jpg
Shrimp and grits,149,8.3,4.3,62,471,8.8,0.6,0.3,9.5,0.1,117,0.5,95.1,2,0,0,3,https://www.wellplated.com/wp-content/uploads/2023/08/Southern-Shrimp-and-Grits-Recipe.jpg
Gyoza,211,10,2.3,25,375,20,1.3,1,9.4,0.1,38,1.4,187.4,2,0,0,3.5,https://www.justonecookbook.com/wp-content/uploads/2020/04/Gyoza-3112-I.jpg
Grilled pork chop,209,11,3.5,84,55,0,0,0,26,0.8,24,0.8,344,2,0,0,4,https://i0.wp.com/kristineskitchenblog.com/wp-content/uploads/2020/07/grilled-pork-chops-14-2.jpg?fit=1200%2C1800&ssl=1
Fried pork chop,288,16,3.2,89,444,16,1.1,1.2,19,0.7,57,1.8,258.1,2,0,0,3.5,https://www.foxyfolksy.com/wp-content/uploads/2014/09/breaded-fried-pork-chops-640.jpg
Bbq pork chop,201,8.9,2.8,66,259,8.6,0.2,7,20,0.6,26,0.8,320.4,2,0,0,4,https://www.southernliving.com/thmb/Ia3nAcm1IxGA9bw7EWugawVEF1U=/1500x0/filters:no_upscale():max_bytes(150000):strip_icc()/SouthernLiving27203_CAROLINA_BBQ_PORK_CHOPS_174-09a3104f78904ed680b46524307615ad.jpg
Prime rib,341,27,11,83,63,0,0,0,23,0,13,2.4,324,2,0,0,2,https://downshiftology.com/wp-content/uploads/2023/10/Prime-Rib-4-2-500x375.jpg
Beef carpaccio,231,17,7.5,68,340,2.5,0.3,0.9,17,0,107,1.3,289.3,2,0,0,3,https://www.seriouseats.com/thmb/VgVaMsNZog6fWU79Ottu-iw3CLc=/1500x0/filters:no_upscale():max_bytes(150000):strip_icc()/SEA-italian-easy-beef-carpaccio-recipe-hero-01-e4153bc58c19429085be0e525888a37a.jpg
Salmon carpaccio,172,10,2.4,43,70,2.7,0.4,1.4,16,8.6,12,0.4,324.7,2,0,0,4,https://img.taste.com.au/b-ssALhV/taste/2016/11/salmon-carpaccio-with-wasabi-dressing-6491-1.jpeg
Beef tartare,246,20,6.5,152,180,2.6,0.6,0.8,15,0.5,45,1.5,256.4,2,0,0,3.5,https://jewishviennesefood.com/wp-content/uploads/2018/10/other-presentation-e1585957562276.jpg
Salmon tartare,229,19,3.3,29,705,3.5,1.8,0.4,12,5.8,18,0.6,333.5,2,0,0,3,https://media-cdn2.greatbritishchefs.com/media/hmojt5hm/img11436.jpg
Beignet,291,9.4,2.3,25,150,44,1.4,8.5,6.6,0.4,46,2.3,103.2,2,0,0,3.5,https://www.jocooks.com/wp-content/uploads/2019/06/beignets-1-23.jpg
Bibimbap,113,2.6,0.7,28,192,18,0.7,1.3,4.2,0.1,27,1,144.3,2,0,0,3.5,https://www.seriouseats.com/thmb/9gYczIvS4R7ZvK19ahBns0xOG_k=/1500x0/filters:no_upscale():max_bytes(150000):strip_icc()/20230113-Bibimbap-AmandaSuarez-hero-331e5e1ffa5b400fbb684e59b14d57c1.JPG
Beef bibimbap,113,2.6,0.7,28,192,18,0.7,1.3,4.2,0.1,27,1,144.3,2,0,0,3.5,https://thewoksoflife.com/wp-content/uploads/2017/05/bibimbap-recipe-13.jpg
Tofu bibimbap,102,2.9,0.5,23,207,16,1.1,1.7,3.9,0.1,50,1.1,147.4,2,0,0,3.5,https://www.wellplated.com/wp-content/uploads/2014/03/Quinoa-Bibimbap-11-500x375.jpg
Chicken bibimbap,109,2.2,0.5,28,191,18,0.7,1.3,4.2,0.1,27,0.9,138.5,2,0,0,3.5,https://img.buzzfeed.com/thumbnailer-prod-us-east-1/video-api/assets/199535.jpg?resize=1200:*
Ceviche,68,1.1,0.4,31,362,2.2,0.4,0.9,13,1.9,12,0.4,252.4,2,0,0,4,https://www.cookingclassy.com/wp-content/uploads/2020/09/ceviche-6.jpg
Mixto ceviche,68,1.1,0.4,31,362,2.2,0.4,0.9,13,1.9,12,0.4,252.4,2,0,0,4,https://www.tasteatlas.com/images/dishes/0f0ff6300b6e41c8bfe6266497601818.jpg
Ceviche octopus,109,2.9,0.3,44,230,6.8,0.4,1.6,14,0,58,4.4,361,2,0,0,4,https://www.platingsandpairings.com/wp-content/uploads/2020/07/octopus-ceviche-recipe-23-scaled.jpg
Shrimp ceviche,58,2.1,0.3,46,255,4.9,1.3,1.4,5.6,0,29,0.3,188.5,2,0,0,4,https://sweetandsavorymeals.com/wp-content/uploads/2020/04/shrimp-ceviche-recipe.jpg
Scallop ceviche,96,2.5,0.4,19,306,9.5,0.7,1.6,10,0,12,0.5,235.1,2,0,0,4,https://static01.nyt.com/images/2014/05/09/dining/Ceviche-Style-Scallops/Ceviche-Style-Scallops-mediumThreeByTwo440.jpg
Chicken quesadilla,216,10,4.8,37,368,19,1.5,1.3,12,0.1,98,1.4,178.4,2,0,0,3.5,https://www.wellplated.com/wp-content/uploads/2022/10/best-chicken-quesadilla.jpg
Churros,396,29,2,0,168,32,0.7,19,1.8,0,7,0.3,21,2,0,0,2.5,https://www.recipetineats.com/wp-content/uploads/2016/08/Churros_9-SQ.jpg
Clam chowder,79,3.9,0,0,343,8.3,1,0.2,2.6,0,15,0.5,175,2,0,0,3.5,"https://assets.epicurious.com/photos/6487316ef0a537ecfb046b4c/4:3/w_5142,h_3856,c_limit/ClamChowder_RECIPE_060523_54702.jpg"
Corn chowder,103,8.2,5.2,25,179,6.5,0.5,1.5,1.4,0.3,18,0.3,101.1,2,0,0,2.5,https://natashaskitchen.com/wp-content/uploads/2018/08/Corn-Chowder-Recipe-5.jpg
Crab chowder,92,5.8,3.6,45,136,4.1,0.4,1,6,0.1,45,0.3,175.4,2,0,0,3.5,https://www.simplyrecipes.com/thmb/Gfmp44usm9wMrdjyyLALIi09NWo=/1500x0/filters:no_upscale():max_bytes(150000):strip_icc()/Simply-Recipes-Corn-Crabmeat-Chowder-LEAD-5-ac3885c7ef2c4248972ee2a908f38887.jpg
Seafood chowder,103,5.9,3.6,36,201,4.8,0.4,1,7.6,0.2,33,0.6,222.8,2,0,0,3.5,https://www.spendwithpennies.com/wp-content/uploads/2017/12/Creamy-Shrimp-Chowder-23.jpg
Salmon chowder,119,6.6,3.5,33,366,7.5,0.6,2.7,8.1,3,163,0.4,203.7,2,0,0,3,https://www.saltandlavender.com/wp-content/uploads/2023/08/salmon-chowder-recipe-9.jpg
Crab cake,173,11,1.7,75,613,7.1,0.6,1.4,11,0.1,71,1,204,2,0,0,3,"https://hips.hearstapps.com/hmg-prod/images/crab-cakes-index-64e7cee7d4dda.jpg?crop=0.8891500963202403xw:1xh;center,top&resize=1200:*"
Croque madame,199,11,5.5,82,475,16,0.8,2.9,10,0.9,132,1.4,144.5,2,0,0,3,"https://hips.hearstapps.com/hmg-prod/images/190417-croque-monsieur-horizontal-476-1556565130.jpg?crop=1xw:0.8435280189423836xh;center,top&resize=1200:*"
Dumpling,230,5.4,1.4,3.5,846,39,1.2,1.6,6.2,0.4,259,0.9,122.4,2,0,0,2.5,https://myriadrecipes.com/wp-content/uploads/2023/09/What-To-Serve-With-Dumplings-2.jpg
Soup dumplings,182,6.3,2.1,26,395,21,1.6,1.2,9.9,0.1,37,1.6,186.1,2,0,0,3.5,https://www.firstforwomen.com/wp-content/uploads/sites/2/2024/06/Frozen-soup-dumplings_story-featured-image.jpg
Fried dumpling,211,10,2.3,25,375,20,1.3,1,9.4,0.1,38,1.4,187.4,2,0,0,3.5,https://khinskitchen.com/wp-content/uploads/2020/07/fried-gyoza-min.jpg
Chicken dumplings,196,5.3,1.5,49,560,23,1.1,0.4,14,0,30,1.9,362.6,2,0,0,3.5,"https://assets.epicurious.com/photos/6010782c5f32eb24385f0b59/1:1/w_2934,h_2934,c_limit/ChickenDumplings_RECIPE_012521_144_VOG_final.jpg"
Vegetable dumplings,169,4.2,0.8,29,708,25,1.5,1.4,8.1,0.1,117,2.2,134.2,2,0,0,3,https://www.recipetineats.com/wp-content/uploads/2022/09/Vegetable-Dumplings-1-on-plate.jpg
Shrimp dumpling,189,1.8,0.4,81,638,28,1.2,0.6,13,0,57,1.7,126.8,2,0,0,3.5,https://allwaysdelicious.com/wp-content/uploads/2021/01/har-gow-shrimp-dumplings-1a-684x1024.jpg
Edamame,121,5.2,0.6,0,6,8.9,5.2,2.2,12,0,63,2.3,436,2,0,0,5,https://upload.wikimedia.org/wikipedia/commons/e/e7/Edamame_by_Zesmerelda_in_Chicago.jpg
Egg benedict,260,19,10,268,690,11,0.8,0.4,11,1.4,74,1.2,202.2,2,0,0,1.5,https://natashaskitchen.com/wp-content/uploads/2022/04/Egg-Benedict-SQ.jpg
Escargot,90,1.4,0.4,50,70,2,0,0,16,0,10,3.5,382,2,0,0,4.5,https://legallyhealthyblonde.com/wp-content/uploads/2022/09/escargot-featured.jpg
Falafel,416,37,2.4,0,151,19,4.5,3,5.4,0,37,2.1,196.8,2,0,0,3.5,https://i2.wp.com/www.downshiftology.com/wp-content/uploads/2023/10/Falafel-main-1.jpg
Filet mignon,267,17,6.7,97,54,0,0,0,26,0.3,19,1.7,329,2,0,0,4,"https://hips.hearstapps.com/hmg-prod/images/delish-filet-mignon-horizontal-1541189043.jpeg?crop=0.8888888888888888xw:1xh;center,top&resize=1200:*"
Fish and chips,134,5,0.6,29,273,14,0.9,0.4,8.3,0.4,37,0.4,283.9,2,0,0,3.5,https://upload.wikimedia.org/wikipedia/commons/thumb/f/ff/Fish_and_chips_blackpool.jpg/800px-Fish_and_chips_blackpool.jpg
Potato chips,532,34,3.4,0,527,54,3.1,0.3,6.4,0,21,1.3,1196,2,0,100,3.5,https://upload.wikimedia.org/wikipedia/commons/6/69/Potato-Chips.jpg
Sweet potato chips,532,32,2.9,0,35,57,8.8,8.8,2.9,0,59,2.1,925,2,0,100,4.5,https://i0.wp.com/www.aspicyperspective.com/wp-content/uploads/2016/03/baked-sweet-potato-chips-14.jpg?resize=600%2C860&ssl=1
Foie gras,462,44,14,150,697,4.7,0,0,11,0,70,5.5,138,2,0,0,0.5,https://upload.wikimedia.org/wikipedia/commons/8/82/Foie_gras_en_cocotte.jpg
Soup,24,0.8,0.2,4,335,3,0.5,0,1.2,0,5,0.3,24,2,0,0,3,https://www.allrecipes.com/thmb/pTGS0SZsSQK85sV_RQE_K6ZfoN4=/1500x0/filters:no_upscale():max_bytes(150000):strip_icc()/26460-quick-and-easy-chicken-noodle-soup-allrecipes-1x1-1-b88125437574471db3e114c40bc6928e.jpg
Bean soup,46,0.7,0.2,0,487,7.7,3.4,1.2,2.4,0,19,0.8,125,2,0,40,3.5,https://www.acouplecooks.com/wp-content/uploads/2022/01/Bean-Soup-006s.jpg
Onion soup,293,0.3,0.1,0,8031,65,6.6,4.7,7.5,0,143,1.3,721,2,0,40,0.5,https://www.simplyrecipes.com/thmb/pO8Mz9BAGEmAOBylOojpwbx8OHo=/1500x0/filters:no_upscale():max_bytes(150000):strip_icc()/Simply-Recipes-French-Onion-Soup-LEAD-06-00d3b5bcdf4a4261b89e1be4aedf90f3.jpg
Potato soup,116,5.7,2.8,18,154,11,0.7,3.3,5.9,0.7,115,0.5,258.8,2,0,40,3.5,https://thealmondeater.com/wp-content/uploads/2021/08/Vegan-Potato-Soup-1-5.jpg
Tomato soup,35,0.2,0,0,187,7.4,0.5,4,0.7,0,7.9,0.3,275,2,0,40,3.5,https://cdn.loveandlemons.com/wp-content/uploads/2023/01/tomato-soup-recipe.jpg
Chicken soup,33,0.7,0.1,3,229,4.7,0.9,1,2,0,14,0.3,133,2,0,0,3.5,https://www.recipetineats.com/wp-content/uploads/2018/04/Chicken-and-Rice-Soup_8-1.jpg
Broccoli soup,90,6.1,3.5,18,367,4.9,0.8,0.7,4.3,0.3,122,0.3,120,2,0,40,3,https://myfoodstory.com/wp-content/uploads/2021/06/Healthy-Broccoli-Soup-4.jpg
Garlic bread,350,17,5.3,0,544,42,2.5,3.7,8.4,0.2,27,3.1,103,2,0,0,2,https://www.ambitiouskitchen.com/wp-content/uploads/2023/02/Garlic-Bread-4.jpg
Garlic breadstick,343,13,3,7,539,44,2.4,1.1,12,0,87,4.7,132,2,0,0,3.5,https://sweetlysplendid.com/wp-content/uploads/2021/03/parmesan-garlic-breadsticks-1.jpg
Gnocchi,201,1.2,0.3,29,14,41,2,0.6,6,0.2,13,2.1,252.7,2,0,0,4,"https://images.immediate.co.uk/production/volatile/sites/30/2017/03/Gnoochi-d7df2ce.png?quality=90&resize=556,505"
Hot dog,322,29,12,58,852,2.7,0,1.3,12,1,11,1.2,252,2,0,0,1,https://www.seriouseats.com/thmb/QJZXQHDXBfTiUSKstQ1uskJc31g=/1500x0/filters:no_upscale():max_bytes(150000):strip_icc()/SEA-best-grilled-hot-dogs-recipe-hero-02-9d245c0d43874a3da13a7228682b0dce.jpg
Macaron,384,17,6.5,6.6,157,53,4.3,46,7.5,0,59,3.2,268.6,2,0,0,1.5,https://cdn.tgdd.vn/Files/2021/08/06/1373493/cach-lam-banh-macaron-thom-ngon-nhieu-huong-vi-202201110129065345.jpg
Mussels,172,4.5,0.9,56,369,7.4,0,0,24,0,33,6.7,268,2,0,0,4,https://www.eatingwell.com/thmb/3GaGte2mKjt8j9SgPvtprRpYpXY=/1500x0/filters:no_upscale():max_bytes(150000):strip_icc()/7254997-a3db2ef768df48ccb4c88172349373ee.jpg
Paella,183,9.3,2.6,47,336,14,0.4,1.1,10,0.2,21,0.8,166.1,2,0,0,3.5,https://i.ytimg.com/vi/GuIhCmckdP4/maxresdefault.jpg
Veggie paella,95,1.9,0.3,0,2.4,17,1.3,2.2,2.2,0,14,0.4,131.1,2,0,40,3.5,https://veganhuggs.com/wp-content/uploads/2019/03/vegan-paella-2.jpg
Seafood paella,169,7.9,2.3,20,299,16,0.2,0.9,7.7,0.2,11,0.9,173.1,2,0,0,3,https://www.simplyrecipes.com/thmb/2GMHFcWEHZGOYbT4eoVCAu2uwsw=/1500x0/filters:no_upscale():max_bytes(150000):strip_icc()/__opt__aboutcom__coeus__resources__content_migration__simply_recipes__uploads__2018__07__Seafood-Paella-LEAD-VERTICAL-fc5f1e71baa8484cafa1a106ffaa9c23.jpg
Samosa,261,17,7.1,27,423,24,2.1,1.6,3.5,0.2,17,0.7,189.1,2,0,0,2,https://spicechronicles.com/wp-content/uploads/2021/02/Samosa_2_650.jpg
Chicken samosa,188,8.3,1,11,311,22,1.9,1.5,6.9,0,20,1.7,262.2,2,0,0,3.5,https://www.licious.in/blog/wp-content/uploads/2022/08/Shutterstock_1508653862-750x750.jpg
Vegetable samosa,261,17,7.1,27,423,24,2.1,1.6,3.5,0.2,17,0.7,189.1,2,0,40,2,"data:image/jpeg;base64,/9j/4AAQSkZJRgABAQAAAQABAAD/2wCEAAoHCBUVFBcVFRUYGBcaGx0dGhobGx0bIB0hHSEdHRsbGyEbICwkGx0pISAaJjYmKS4wMzMzIiI5PjkyPSwyMzABCwsLEA4QHhISHjApJCkyNTIzMjIyMjI7MjIyMjI0MjsyMDIyMjIyMjIyMjIyMjIyMjIyMjIyMjIyMjIyMjIyMv/AABEIARMAtwMBIgACEQEDEQH/xAAcAAACAwEBAQEAAAAAAAAAAAAFBgMEBwACAQj/xAA+EAABAgMGBAQFAwMDAgcAAAABAhEAAyEEBRIxQVEiYXGBBhORoTKxwdHwQmLhB1LxFHLCI5IVJDNDgqKy/8QAGgEAAgMBAQAAAAAAAAAAAAAABAUBAgMABv/EACsRAAICAQQBAwMEAwEAAAAAAAABAgMRBBIhMUEiMlETYZEjcYGhM7HxBf/aAAwDAQACEQMRAD8AUShUyYlAPxKA6bmNGsKWDHkG9oQ/DCgZ7qFEj3NPvDffNsTKs8yY7FKS3+48KfciNpMErjhGc33bRMtE2ZQgrU3R2T7ARQdwSTrECV0A2yi1JSCCeWv0jLITg+yga0JG7U01yo8QTLU5wgchHidaSeEaO2ubO3oI+yrKtITM50ikpJIvCDbJsDBmZQJJP0iUS3zYN+esRKm4iSzZUiwE0d4DnJhcIhrw1OKVlP6SCVcgM26sIYLIjzGcKxO5oWJq/KF26kKEtawMyEPs9SfaGG6+LChzmAT/AJ1ZoX3dsIzhIbLDgSk0orduGrb9W6x7tiEhDo4sRKOTKDB94ppZ+HDw5sx3NWzIdojnKZBXicYgAH1rA+/CxjovH1eTOLynCXNXLwjElShxCobJWzkMYWrwPE7MDlrTSGTxrZSi1LVUhYSoOKigDc6Ae0LU+ZowEeiqlugpfKFU47ZNFBUX7BlFFUXrvy7x1ntLV9jRdWkPFyfCOnyMI11iqYdroUyQevzhTZ2Mq/aPVgPD+bQsePVq8yUlNOF8QzcEt2GcM93nhH5tC741nJROs6lpCxhU6SWdinUZZiDNO8MDuXAu3pOIUZgCUBVCEmtAAol68Rcv12iC7pxQQqYnHLdlJCgN+RapfKKlpmlZIy1Az/yKx9siFKLFasJU9XYfuZ2dnLO5eDkC4C823qmHEordgAAAAGAAfL9Lx0S/+HhakIlJUGSAoAhRJA+KpAc6ijVzjosUwCLFdBElcxOZU3oB9zAu+LcFy5cmY7Y+JizhOlOZHpB27bWoWVSv3n5JjPL1vHzJ70AFKb6n5R1vTSKULlNhGfdKDxIoNjX3isq55uYCSOvvlE9jnEsHMM1llYwWYKaqdFbjkc+sKZaiyvjORmqoT5xgRVWWYhblBUOVYkXagaDEEvkqjGNHsF3S1JxYKEU5fWLH/giFDiCSDQuAdKPT3jN65SfqiaRox0zN02Rw4IyePGPSHid4QlknCtSP9uXoaQEvTwtOlh0tM9jFoamEnjP5LSrkuivYJ58paQ7hSVBu4PP0g7MmJPlrQSDpQA0ArTPaECaZiFhKgpNcj/EH7osUxahgWE/7q9uQibqkllvspCbk+uhzsFoWgM/CSCUmjgabtFuz2hBUpSzQVr8qCkA510WlNVLBQM8CXPZyXgZYr9lJ4ZiyoA1SxAUQ7EgVp2gJUSlyuTbKj3wWvGaUzJYmISQUFio/qBo/IQhTUw4W2/Za5cxAlkhQZKnZu2ztCnNEONJGUYYksAOplGUsxZSo9Q49It3fkesVZoizd+vWN7PaZ1+4abo0hyu1GJAApxA9goEj0cQnXOcodriNP/kYUWe4ZQ9o8WAUHQfSFn+oqU/+XxA1EwAhqH/ptmQ4789IZrt+EdvtC3/UyW8uznZah/8AUE/KC6O0CW+RKRKX5iQqnCKliAFDPWjF3zGdGg1YbuWAqYlkpQopcqcFQrgGpLEDnWKFhK1AqljCUkVxVd6JBBcihoNoI2m148RIZS1BSkoDIIwgJAGh9Rzg9IDkwssoX5aUiWZZxqCQpRAYsMYopJOY+UdE8+yWebZUzAVeYMIKRxcgCNmDjpHRYrkzq13iZVglnVRWBzLloRZDlb6u8Nl/IH+hkVrjP/OkKYVhLxEzquhgsBYiGe711f5QrWAUBg/YQQfSEmqXIyqfA62KWCkF6tUR7s03MGKllUQkKdzlHydOCTC+UsMLhHIUklA+I0OR/NoF3peSUprRiQ9KsIE22/EoxA9X23MIF93yqYogKOF4Ko08rfsiltka++y9e1uNoUGTwpNVNR/vlDH4WEsS1rUSVUYNTMb9zCjZJjoSgMw9ydfnDRcagk4AHxMM/tSCtSlGG1eDGttvI4JtGNPCkudh6UgDfHh5EwqYDzB8JoH3QsjPkTWHC7pgQlKQgvzPT1baJZ9kKyWFRir713EB1uUGpRfJZyzmMlwY5aJWFWEpYhwRsdYrzrMGLu9KNv8AaG/xjZlJSJiG2WDyyPUfmUI8y1THz9oe1WKyKaF9kNksFW0ywI+WDMx1qW8fLuNTEz9rJh7kNVzQ73D9YR7oh4uLXqIU2djKHtHe7Ph/NzAL+pIPkSVDScHzywqcUrB27svWBnj5L2ZFP/cS/dK4Lo7QJb5M9RLWgFYwlxiq9dmBFan56ZyWeXMxcJJJBc50GYAOurV0asX7LOqlCykfp4iWBIIxEpyId82prEVp8xSsEshYTiwlLVwu5S7E0c75coYgZPLCgAQqpFQCQxTwsoJ1ZjnqI+xUsl4lJx/qJLKTMKVNqDhIIctrVo6OwRkT/EC2lWeX+1avUsPrC2tMMN9jFMRsmWgeox/8oDT0REnydD2oIXLMyHaHCwIBSaDPPUNtCBYJ5QpxoYY5N7Jwlzxej84VaumTfAfRNY5G5NqAGF+LrAu9LwCAcRrCrarRMmzAqWSpRoQDRueghpu26ZcwIE1ClzCa8TJ5vv3gR6aNeJSf8BSuzlITrbOmTnwpUQ+eQ/mKM+wFA4jXaNdn3HLAZQwqFAEj0hQ8U3GEJxoJO7wbVqllRxhAtlecybyxZsJ4Tu4btnDTck8JWjFnvXOjCnJ4T7MatDNcKBMUiW7FSnfZtMsj9ItqY8Mml8o0yyLCkg5kGnQ5P0+8MAC6FDVAz3aANxyNxhApWo7QeRM54RmwzP2hdVwt0jayOXiIo+MrqKpaxqasHABoQ2ucZTaJeEMXB1Bp88o3q1ICgo5uKk1jOvGFgEyWJgHGhweYq79II0mrjGW3w2Z3UOUd3lGb2gR7uz4j0jrUI67fiPSG0/awKHuQ1XPnDvcmZ6p+sI90fFDxcp4j0HtCmfYyh0O93afm0ePEjiSghIURMlkBQcEvQK5F493f+fnaK/jJANimvQAoJ6BSX+sFUdoGt6Yg2i1pUUo8sIWhaipTgPiLpSQAwZiHj0pErAfMfEXITUZas231pAiXZ1KLhk5mpf8AboM/8xfUFzFFS8ISouwFKUZswMqvR4YAR1kDSwTRSaJxksx2GFianbM5x8gkhKpZCkolkgNxOUvSqADQtm/OOixQzu1krUf9xA6Cg9gIrTrOWFIISJJKqijem0V7UQAU4/8AMUkXiBHYwVs9gxAFWKp3AyzoztFe7W8wP1g95lKQJfY4vCCKo5WSzdikyiQkDFmFaAa94bLkUpa8RWFBIrQsnmAYUxZVGWZg3qGFMq/OC3h+1hLElQLnKoOmWucLbX5CorwN6p6GJKXoyctNKZBoG3zYguWokPiFTl7biLKLUlSACsBJFGGRfUGIrRNaXuGoNTsPzlGbkmuC6jgx68rMZcwtF26LUUrSsO42oYv31ZiVKJDVqIXZc0ypmTgHL7Q0rf1a8ecA7/Tnnwbrdi1GXKNAhPEvq3CH3fOLirWnEwzPt/MZZd3ixQThxsP3EAj7wQR4kQkklYcg8/VsoU3aa3hYD421vnJoSrcmr5QoXqrFiToon0gMvxVLb4nPoke7mIp9+S1AqK04j6DeKV6W1NNo76sPkULxl4VlOxiK7Tx9j9ImvW0BaypIOE5RXsB/6g7x6BZdfPeBVwp8fI1XV8UO9y/F2P0MI12Hih4ub408wflCuzsYw6Hm7/z3j54ollVkmgZsD/2qSfpH27tOgie+JeKRNGuHXkXEE0doEt8md2NChxoSysOYNXIOJQ0diaDcbRekWSUJQJxFRXhWyqgH4DhzqQHOVRvBFMpMsLxoJOAgfpYliFKZsVD6NHzy5RloUknGlNUlilSgHpUMRTsPVpgXts82+yJQAlScK8XA4PEkhypiNwRWtB2+wRt08zFA1PCGPCkjdnJYO/WPkSRkwpdtDEBwOu0E7NZkGViWCpSq5925FjCxI4lJTm5A/wAc40eZZTLkhSgHIy7UBbXWF2sscUkhhpa022zO5gXLW+RD+kTy7xORDQaTI8w/C57kmC90XAJtChISkuSqn0eKS1EMepcllS88Pgguy9pflsrYhv7nyePUm3sgpCRUk1L5/WLtp8KSlhkpKKl1BQz6ZGAVsue0SXHCpIqFOEqboc+0Cp12cJ4+zCNkodr8DNZrUnCA4BcZ6/xB2TLKwrAHSwIJ94zyyWkliSIbLrvxKAAwJZnyd86wNKrYy/a4L1oucTFswYDPTfOM+8Y3SZM4BqKBbmx09RGn2C2AS0NUuQRXllpCl/UFQMyVm2FTbfpxD5RtobW7lFGWpjit5EJNlJiVVkYVgpKWhP2iRF3zJqgEJoos/wDk1h1KUYLMmLYxcnhC8uSHpDNcPg+dNUlS0YUmoSqijzIag61hmuXwtKlglYClJI4lagjQZM7w82SzgYVAaUA06wtv1rfph+QyuhR5l+DMPGXh1UmVjKctqgDntCPY/jT+aR+jr1lpmIUlUt+FjuQ2xzj8+WyQJdqWlIKQmYoAHZy3tGukszFxznBFybkpB27TxiHa611QecJFhPEIdLu+EHYvAtnYXDofLrW4SeR+f8QQvBGKTNDs6FV2pnA67w35uHgnaQ8tQ/ar5GN6QW0Wv9OpnL1AIxahgz/tgahY2AI/NMtPQxPOtjAJC2OROYDu53fr7ZR4/wBSEoVJUtKhjfEE1XqC5AdJIGr15Q2QuZYs6Ao5YmFK0A1cBJq/1prHR4RLCnBGFKg+FL1YlqdKvy9eiSDEPD8vFPQPTkYc/ENowpQh3Fe2kLnglINoILfC7nTdoI3wt55VUoSoNpQM7Qq1Hqu/ZDSh7an92XrssuIJIIclgNevSGCz2IJRixOSSC4KctR/dAGzhainCMIGtRz/AIhosd3KUUqK3Kap2pUZ6ZFoX2RcvAQnGPkgmjDhDMM3rWJUWXzEkkMACNzXIs+QYDvBWfLloGKYQdQGOZzoTWrCLlmShKApISHNABuz/KMlDa+WbqzKykIV8eGQlCpgBQp8hVOYzGh6Qv2i0CQvBMAJYEGrMoOCN9vWHrxLbpctKsRYEkhhmCKDd8wIyi9LSqasrU+QAGwFAIY6WLt4fS8g2psVaTXbHy576RRONgpsgQBWvOPPjQomy5RlqBwE93A96CM5QtSTQtDZYJKRJE0LxkHjB/SKFKkjQZgnpEy0yolviykbvrRcWia67hJCVzCK5Jf1xbaGGSzIIW2DDhFC7hQcUTsR9Yp2K1JmIIrjA4edQW5MH9Y9omZH0NO/+ICusnOT3f8ADWNcYLCDtmmg0UKigO4entDHdSwQBkcqQo2ea2sFrFa2ILwJCe2WWTOOVwNq5dalnGYrGGf1GsYl29KgGxpSo6VBKX7gAxuVgW4dWRGcZT/WC7ymbInCqSSgnm+If8obaeS3przlf0CTTw0/GBdso4hDpdZ4YSJCwGMNl2WtIFVARnNPITE0S7TRPRMF1VSen0MLd0W1GBNasPnDDKtKCBWNq2YWLkSZNmTUlRUoh8PzLVr/ALj0yidV3JVLQshEvCcDEnEauSoVZhttpEE2ewGFLhQJBSasDQhiNvfePUq14q5qqz5B6a1y2huhYwlddkUquIYnKQknICpzIau3Pv0VkMUYhhHGQoEnFlnw6PSPsScYDZLUqUsLQWUPwiGhU8zZQWAygHzf87woQeuDEpJSOh7wFqIrbu+A7TSedvyFLPequFgwAZs+sHbJei1gjEU6fYQCnXeZZDihqDvBSx2Y6NUAv9IWXSi1lB1dTT5D1mwqBUpQDEUr/wB3Ppzi3ItYQhayQEkV/SK1IgDPvGVKABWCo6JIYbVNB7wr35fq5iQhNEF3A1yp0+faMKdLO2Xwvk0tujWvn7HzxJfBtCwE/AkMkDXdX07RVsFzzJ3wjuYKXHdcsIM20LRLFMAUWd9a5xDNvoSl4rMpRAJotAwnJsIAqM82MNFJxX06l15fQvai3utfL8I9zPA9oqEqSpYD4fhPvQHrAiUidZlEElJGaco1bw5fsm0Ym4ZmHiSRWjcQB6s4pFTxf4ZE6WZksKMwB9DiGw3MDx1U09l3T+xuqoNbq+GhFsF4BTkku9d4OybaCAl9BX6wiSgpBxAsdmz5GCdlvIZEdtuka36XPMSleoTWJdj5Zp5UQCBlp0zizIBBSl3csnn+ZQpWe8VvU5t7ZfODVktpUUl/hLjlCu2lx7CoLLyaVYZwEtIdlaDrk+0In9U7Qg2USytJmJWCwIdiS3tDRYVFaQokBts2z9Yxrx1OxW2eAeEKTTmEpB93grRJ2WJfHP8AoHvahF/ciuy1ukA1aGu5Vgtl6V/O0I11Z94fbhkjEeg9YK1CUZPBWhuSWR4umz4mLU0H1PXKCd6K8uUSHdXCkAEkkgsA1e+kSXRhKUkDRuhDfnpEl/0loISSyqhNTVKg8TRFOSyVubSeBRK1rSFDFiHxpVmlswWNBV3qCKuYtzLAsKU7EE51AzYKDtq+kfLHb1kkLQQ6lMGDgIISqmeoghKmL8vCCnAC/FXCTRQQTUgNpWohoLTrJJDqzxO+hd3q2enz2jotLR5YSvAlWNIY7NVmGag/IMT36OOPzaaQb8NzlBS0D9QBy222gKoQauSTOlrStLJdJzGKiqZA07tA1+HBphVDammjQrRNlrsrKDKQXxMafwa06Qkz73Us+XKRjA/Uxfs2nOGMXcJ6SJsxdWGBPCkgf3a5tqYuSbklyUHCFAkV4Qzb51hNXZXX3y/C8DayM5cLhf2Z3bSpJImBlDMbRZ8O3eZy6/CMycm1JOkUL3ChOWklziz32+kNHhuamWkgsQUgFJyPIjWGd9m2rK8/AuphusefBXvW0JtCiEEJQCEoJGeF0u4emfz2iRNxcBILs4Ycte4i5fN1eSRNTLx2VYHwcOBRUOE7EqbsW0gosS/JUnGcaw9AOEEMlIIGrQHZY4qO3pnSi9z3diguauSseWopUgviFB02UORoY1Lwtfv+ps4mLSMQoRpwkA9dD3jN7yu6cTLAkTFJdIfAsBVQGKtOrw+z0y7BZVKBUQlIwody6sKWBL0dugEV1OJwilzJvg10/pbb6M48Q2US7TOltlMX7kkexgf5QIcZiLJK5y1KYqUsknqa5wfuvwlMWAVApGba09oYythXFKT5BlXObzFcCwm0rQQDxD37bwz+HrWkmrMcn+UCLfd/lrWguSgkEs3P5RWRZ5iS6HBEUtojbD0+S1d0q5Ykada79l2eSqYVAkBkIGalZJFMhz2EY5a5pWtS1F1KJUo7klzBq8J0xUtKVsA70GZy9IBzs47Sab6MXntkai36kuOgldEqqSdS8aRcKEhqOTU1aM+sNAOgh1uOfWML23LITSklg0a7VDMU3H1HtBWfKExBTuKHnQg+rQAuqbl+bwwWddBHVyK2RFmVdYSFGYvNwtGEuHBKdKuOUQWaWSMZQUpb4S5wvQBRGRBID8oK2uelM8KIcA1Br8hWo7ZRFes9MyYlYCkozNWfUhuxhrF5QtksM+LmhgEnzEgkVoD0BIrkXzpHQLttpTMUpSSlCX+AkvsMKWqwFdo+xJBhNnTV9jDVclodaiSlJVpkDyG0LdkDh4u2NbTEK2ILb8oC1Ed8Wgyh7ZJmm3LJSrEpYYghISoBy+ubAc4ZUWVGFsaQGZSXBIcQt3NavMXVuLQsTSue1YbEyEAHCGpzY7wkSiu0NptvyZN/Um4hIWicggpWWJ55jrkYCWa0cIpGpeIrsRMlzMRCkIS7KFAWJo+XWMluxWJgVMwLPl0hjVYrKsY6BHH6dmc9miXbJ4EpouWtlYVAKQWINQQzggd2gpNuGyrCViYZSGBKAoZ1ep4ulYTrFalpk40zEhKXoaNu0CbR4jUxZWI+3U7wLCi1ye3lfctdODSyaFaL2s8hBeYSB8Ll+jPr2rCRbLymW6ZhKimUSKZktrygRd1kmWuYVLLDPl0FaCG2XZEyaAaCu4MXlGGn65l/SKQzP7L/AGMPh240JRhTL4asrLud4ZrusuEKSraA9xTlBOEED+R7w02JDsp6j4ufWBav1JJ9vzk1nJxWPBnfiG5x58xalABQSRvkAetRAUSg2F6eh5do0TxjZElIUw4aPWgOvDsfrCYuyOk9CPw56Q+08swS+OPwLLl6s/PIqXmA7Eak5uPakBLRZtR6Q0W9CCoIAFC3XL8rtAu0SwgjV6j+XjYzKthNBuIcrmOVHHuIW5CRiDBiecFLGuYFBOI1/tAoe+gEC2UOT4CIXKK5NKuqZRgOrmsHTaglBUaJSCT2GnOM9sVoVLBxTFmuuzigZukGUz5kmWTOViStJWhSg7VGEJY5/wAxaGma7ZWV6fR5sdo8weaU4ZixiJyIcu1cgMveJFrUtPmJXRTijFKnY8yT0bMwPlXhLVRAqcxqauS+RGu8SWYgLlKxIMsqOMvVizBDU4WAZtNzBmAVvJVtih8IbGC6iMTl8gxGgGfM1jomve3SkzFGQeF/jKSokcqAAO47R0SQY7YlUIglZkO1H/OUUbbYJtnXhmIKS9Cci2oOoglYjkfwwHemgymSY7+HZ6AUqZIIoGd+p3jQLDPxhwKc/lGY3esOCCEq50/iGmwz1U4qa8Qr0rHn7pOEsjVLfE7xvaUyrHMYupYUnnxcI+8ZDZ0slgKxovjJBmpRLBwpUrSrMCWELd5XP5IeWoTKVBAfnyJ9IY6KytQxJ4bYHqIT3ZQuLs61bnXD9Y+SrESoBW+UW5FsSACPi1B0/DEtmW5xfjwbOySyksIxhWny3kbbhsKZb4yAMNNAfvE6iC7ZPR+WUDbPawoF6luEczlF6UsFqHEckgGtWpvCSxSby+w6IYudagauw5vDtd04t1MJN1AKVhBqSAPrDbZ5mFmOW0ZUycZ5OsWVgsXjZ/MSQM1Aj7GMutK1gBBKkgLKV7032DxrCVgh9YRr7sjT65Lr0ep3zVuIc6Ofqa+eQHUR9KfwI1qlgryJc69W0yMfLZdqgKBwBUNUfcdNoaDZQCVAO5wg0AfenU0jxOQopKTUtVqUH6jux+cMcAeQDYLMVqTQP7fmUOEi6xhoASC5LP8AlDkN4FXNL8vLLQda11NdOsMtmKswznCWyDu5JZzz7GLJENg1ViYsQQE5Bm9APhALhuUDrZakJZS1kBWJIBDhIDpL+ug5w3TAiYAkuVKxBKsNAQHU5FAGbOBVusZwssyyurEhkAKpxBwoprUPVsxFiCtY7qT5bqmJUhKsQyGjYSXpVz6bR4tsgJSJYCUqJUwSRw54iWG7Vo8fLFdvkiapUwTZZAOCpSSahSlVBA1UNA5yiG7ZC1TVzFkqClFi6SHzBIZ1JdgBt2jkQwnYJQWU4llAYjGRibUAA71y+0dEs5wnDiwEFqh8v86x0cRksW2wy56CiYgLScwfmGqDzEZ9f3haZZXXLKlyXfJ1IH7twNx33hsuq9gtAIOYDwal2kGNbKo2LkErulW+DOLmt4QQSApOxJ+Qhuu22y5iVNRQckKUwIGQAAcl268oqXt4OQpfm2c4DmpDYkHcgBmPT0ikhKZJImJKSoFQUGCOgSztpm76Qh1mjlFZxkfaPVxn6c4L3iqzqQmT5ZxFRODIOSNXypiipdVnUQUrwqJNSag9DtAK1WpU6cSlZVLQMKdnOdOkNFxFNBsMtawDfH6daQfCW5sBeIvDeIKXLSAobAh/djCfZLT5ailbivoY3YyUKT8Iy2+cZt4+8O+XhmoQxJAU2SnyVTI5CCNFqt36dnT6YNdU16o9rwDbHakkhlCDF2Xk80MylAewrCYmxTUVw9s4JWK+gihRhO4gi3TppuPJ1dviXA6ybUSslICfbV6bQwXbbiQ50p9vrGfIvBK+LEH6gQes94oSAApm1fXeFdtMo8hMcSNBsdocQJ8WWUkJmpS+Cix+0s6ugIfuYHWG+gEkZk5N8yYIWe/cJ4jmKvr94tRe6pJspZRvTQvTluKBnOQ+X8xIgAl1ZscxvyEFp13SwrzJZGBRDpLOgnJOeW0QzJCUscs1OWDUNH3f5x6OuasjuT4EtkHCW1g1Cgg4tOXPUU0i7JtEwgFQejDIUH6m1/zAS2znmGoZI55l294si0gfCxzHKofLUVaNSgdk2zEQAQyXw0B1GVHFW9YrWx/MONJKTniD4nD001GsS3agIR5iwHz/ALUtrXntHW+XMWs8QwqKS2icL1FHwnhJDmrxxx8s1jxIMtgZeHjBoEpYgMAKioGnsAblgu0yZYSkPyxKIxVJCAqqaP6wORNJUUYklKmq4IA3AFQCWGeZgpZsSEji80tU0qXckgAVP+Ik4ozrFOE3HLKCQ5wq5hjoRrtHRds1oBmKlgHEkAkkNm7BxrQ7x0cRgyC5LyMtWEmkPtitJWl0mEO9LmXKOjdaxPct5LlukqYRrBuPDBLIqSzE0S7LacTFVIT/AOqKP+rIIzKVB+QI+5ikLwV5qSFFgcos/wBR5mIWVX7V/wDCIseYsnTpxmslO5iEpCCzVL/KG+4LQ4VQOA+VaQg2ArYEHFyMHbqvUIPGCknI6bEGPO6umUstHoNPbFcM1G75xIArTTrEfia7xMs69VBJI7VA9hCpI8SJl1O+YNYJXPfvnTSjESlszz0b2gCMZRXKYY1l5TKN12OXMlg03aj11iC1+FpUziZtGEep11LsM0JOJUkhkKO/9p5gevrByVeCcLJ1b8ERY5VT4bJwpR6FmR4BSVYSpSdah3+kVrT4SEo4SFpOQI4k9WPEOgjS7BbAUh6qy7CLoSFmtfeC4Wza4ln9wdxSfWDIJt0zEfrYaFnB+RHcRbsiSojHxNrUD51jSr0sIUAkICkmqn0IyenftFBfhNLAoUUn+01APQ/eCq3XLiceV5XRlZZYuYvgD2dCEJIw/FQjN3z/ADKIb0lGYkJSMKQKJHIED0pFS3FclZlqAx6F34f7g4/DFVF4LQWZ0sRXJju46+0M61FR9PQuscnLMuwVYkKKsOpzf684OWaSlDLWKA0Y6u2mfT5RQsyQtalpwhsLcPuz1NItTLQaYiG6Chp75xoUYTROCUl3Ygn4qgAe1AMq5c4ms9odIVRmZmKnqKuC+VPeAki0oUnElsOWRFQS9M89usXkKKgyVDEQwS9WDZas5DxJBOJJADsE42ca7FtR9ovSbWAGdyC9Bnpqc2y5mLCbMMAC6l3DUY5EpIFT/O8eJktJQ8pIVjAUCWCcw6qAsoCv2iSMEMhaysMCFNUJctQkpfVvzePkfRJWopGMsaYgeEUxYRkHyFdt46OOK1vu1C3p7QoX1dCUHEkM5b6iNCmCgH5tALxBZSuUsDNqNuIKayham4sQLDKeYG3i347XSzp2Cj/+Y93KgYhu4zip44Vxyxsk/T7RjL2sKrebECrEsOIJJmJwtqH9DAGQtosqnUhbOvLGUJYLM2fiKUgCmoz7w3+D14FhR0hJsIc4jDr4dJCgR7wHreIYDNM+cmtLlidKZYBSRVJ1hYtPhZaCTLW6f7FZjkDr39YM3RbkqAckAMK5doNEDZ4F2RthnPJrudcsCndclSQQoYSNDrF9E0pOsFrRYkr0qKjcdIpz5AQ+LJhh6vUF9Yy+jKH8eS31Uy5ZLU6eIVdtK8w0X0zAK7wu2G0YpgDsM+cXLwtHlqFXTn0zeCKtQ9uf4MZ1rdg922xSptZiUqA/uGXTaM7t8tBXMwVQDwk5kPSrszNpBu9L5M55aXCaYjuc98oB2iUGAGIkuOEKNWPxNkOphrpYSisy8+AG+UW8LwCpJIKsNUir9dx6U5RNMkqUgOCQCT3PLeJUpKEhgU0L5ZFm6Mx9YjTPdnrtBYOe7NZ3ThdwQT+bEwUuyyGWHwkKJAyBoXdRf1MV0TEpAP8Abt6+1Iu/6keWGq7sGzJOvJyY44PSZgACVgKYOcmpunlm70YRQnXlhBJQ6AHcZ1cfC27dK8oGTrRMYFIozKNWdsyTTekEbEhPkrUp8QYBQoFbJypUD0NNpOKirQAgOpRKQMJqXCi4dQNBh1JrQR0Sy0CWQghRUa1Y6aPyZzvHRxAQVFOezRYm0ius5wULGKFtu7ypmJPwrJI5HaFTxbOxWhn+FIHepPzEPV/29EpBWou2Q56Rlk+aVqKlGpLmMLWksIM0sW3uZwUAI+yyVEJ3LREEwRu6UMQLOxFIFk0kHpMv2eThOHYwz3NOwHLPKKku5iskg8bYilj1I7Rbu5AJDmsKNVJSQbRwOdgmlgHfbdoaLsnYkisJ9nSWD1gxd9sCQDmxYiF9VmyXIVYt0RnUoxFMZQKVAF4rSrXicgU0McuY1YMldF9GEYFCZYFSi8oYhUs4xP1UGI6wsXveEyYpUtYKMOacju53GtN4MeIb5MsBMtQxnPkOcLE2YSSpTklnJzqzdoM0VC92OPH/AAH1FnGE+fJ8CilOLow+pbaOXOLkgM9e5zPyzjjOAG9Q2R6GOmYSHGVMhrz9IaoAZ7QgscbhxTmKF+e8Cl2VaCya7fmhgmtBxCg4q8Nffsco92mRiAIZGj9qvzDe8SyEDpJLDEc9qmPaZpSpnKRyz7tpHlbgskk9NWiNKCVMavnz5RxLC1nUwJJJ3HI019usEJKklIIJxAgM2RzemlHYVrAu0zcAb4SwYANk1KbGLN1E0Uagh3oTtHM4LzrCClCgHVrqFFjqKimnIx0QzEYqBZDmgJow1yzy946OOPalRUtS8Ii0UwneN728tPlIPGoF2zSnfqcvWCZSwsi2EHJ4QqeKLzM2YQDwpNOZ3+0AEisTrFIgKYDk88jSEVFYRZlS3MF5MgpAUhw2o3gTZ1nvBiyWwgMUg+teRgS3ITBZGS6raDMQtYbD88okBSCSBUkkHvAaVaEK3Ty/nKL8tdBC62ITWhmstrGCuZ/Hiez2qvKkAkrwpc5Z9s3ijaPEiE/+mlSjueEff5QHHTTsfpRvKyMF6maSm2Jlod+HUk7ZvtC7fXilRGGUmhfiOw/t3POE+03jNnDiVw0IQHY8zUuepjlAjJwKDo+/2hvp/wDz1HmfP28ANuqb4j+S2udNxHEsCuT4ieZPpFpFqJ+NRIFeUBVrOcTotHCPT0hkChZU1JTQ115cvznHnHXZ8xk8U7PPABbPWJEzHc7/AJ947J2AjZbThLGgPekEFJEwDE7NptuB2pAJCyaNX8r/ABE/mrw4EqAALuS1Q1NxvE5KtFpUuuL9J7cst3EfJstNVAsAH3PbePdntag6ATMzppUuQGFaUgfb5cxJK2IqCKUA/GETkrgsWiY/FpXnWPd2TndJIBGh5chAUz1O9eb8omkIckhTCpzq23PSIyTgY5NtHwkhIAzOpLOwB5R0BFz2SCGJPxDpkB846IyThDLfNuTIlqmLNAPXYdSWjHrfa1TZipis1F+mwHICGLx3eS5s3y0uZaDX9ytT2y9YVky1n9J9I0sbbwY0RUY7n2yQIjwtMe/LUA5j4TGTCE89ESQxeDNhKSG1gXgJiezTMJYxhdDK4Nqp4fIeRJQkuKnu3KCFns+JIYOw9c4qXbKC0lyzfPTtnDFdNmW2FFRrSldQ9e8J7ptfuNqop8lG9J4l2cppjNG/bqeoy7wroS7c4J3xMTNmLAVwpOFJ6Eh+5rA+WlobaSr6daz2+WK9VZvm8dLguySEtsI9LnjIbvFJc0ikRoB3ghswSLip7vHOIr4o7EYgtgKSbTizADACg21684ltD0bb1bKB1nIAO8SzpylJQkknDQchX3zjsnYLCpzl49S1lRAisJVB7/eLMtJCYlMhovWOZgUcWlGzeLK/EHCUpAYGnqD/ABAWYCVc+raUeIwA4o1K1z5xOSMFm1T/ADCSQx0YNmavHnDVgRTX8EViWJNWiViQ4LDLP7/KOOJZgZgATSunf5x0XUSEGW9XDVozc82NRSOjiAfJQGdtvpHnyg2Wv2jo6DRX5IbXJThVQZQsGOjoHt8Bem6ZYlZRDOzjo6MWFBm7FnDnGmWaWE2RSk0JSagnaOjoRaj/ACIb1f4zMFx6RnHR0P0J2dO0j5Jyjo6KMuj5Mz7x9GUdHRBx0tZYViRW8dHRUlBdWvePB+E9ftHR0ciWRJQCk0/KRERQd/pH2Oi5QkVkfzaPUycQkilUgVAOoycU7R0dFkQz3M+Lsn5R0dHRUk//2Q=="
Huevos ranchero,143,9.5,2.9,53,347,8.7,2.6,1.1,6.3,0.5,61,1,265.4,2,0,0,3.5,https://www.billyparisi.com/wp-content/uploads/2022/04/huevos-rancheros-featured.jpg
Sticky rice,136,1.1,0.1,0,166,28,0,3.5,2,0,1.5,0.2,22.8,2,0,0,3.5,"https://hips.hearstapps.com/hmg-prod/images/sticky-rice-1-1631034727.jpg?crop=0.801xw:1.00xh;0.100xw,0&resize=1200:*"
Mango sticky rice,185,9.2,8.1,0,6.1,26,0.6,16,1.9,0,12,1.6,162.4,2,0,40,2,https://elavegan.com/wp-content/uploads/2020/07/drizzling-coconut-sauce-over-mango-sticky-rice.jpg
Xoi,138,2.5,2.2,0,5.5,27,0.8,10,1.8,0,3.7,0.5,32.7,2,0,0,3,https://cdn.tgdd.vn/Files/2021/09/06/1380707/cach-lam-xoi-lap-xuong-ngon-mem-sieu-nhanh-bang-lo-vi-song-202109062233093121.jpg
Char siu,152,3.3,1.1,60,291,7.5,0.1,6.7,22,0.3,8,1.1,380.2,2,0,0,4,https://healthynibblesandbits.com/wp-content/uploads/2020/10/Cha-Siu-FF2.jpg
Mochi,271,5.6,4.5,4.4,20,54,0.5,36,2.7,0,43,0.8,107.9,2,0,0,2,https://www.allrecipes.com/thmb/R5cy23AxrgxUAAFdMbPEq3gI7Q4=/1500x0/filters:no_upscale():max_bytes(150000):strip_icc()/193307-easy-mochi-DDMFS-4x3-d68e2c5a886b42ce9c91f83a6abd9298.jpg
Mango mochi,271,5.6,4.5,4.4,20,54,0.5,36,2.7,0,43,0.8,107.9,2,50,0,2.5,https://www.mango.org/wp-content/uploads/2022/12/Mango-Mochi-640x440-1.jpg
Strawberry mochi,271,5.6,4.5,4.4,20,54,0.5,36,2.7,0,43,0.8,107.9,2,50,0,2.5,https://www.bokksumarket.com/cdn/shop/products/BG10053_StrawberryDaifukuMochi-1.jpg?v=1656009062&width=1080
Daifuku mochi,209,0.6,0.1,0,92,47,3,22,4.4,0,30,0.8,216.8,2,50,0,3.5,https://upload.wikimedia.org/wikipedia/commons/thumb/a/a5/Daifuku_1.jpg/1200px-Daifuku_1.jpg
Yogurt,63,1.6,1,6,70,7,0,7,5.3,0,183,0.1,234,2D,0,0,5,https://upload.wikimedia.org/wikipedia/commons/thumb/e/ea/Turkish_strained_yogurt.jpg/220px-Turkish_strained_yogurt.jpg
Greek yogurt,59,0.4,0.1,5,36,3.6,0,3.2,10,0,110,0.1,141,2D,0,0,5,"https://assets.bonappetit.com/photos/63b5fe187015aa59a8e880ac/1:1/w_3226,h_3226,c_limit/010323-its-greek-yogurt-taste-test-01.jpg"
Nonfat yogurt,56,0.2,0.1,2,77,7.7,0,7.7,5.7,0,199,0.1,255,2D,0,0,5,https://food.fnr.sndimg.com/content/dam/images/food/fullset/2013/4/25/0/FN_yogurt-thinkstock_s4x3.jpg.rend.hgtvcom.406.305.suffix/1371614457364.jpeg
Ice cream,207,11,6.8,44,80,24,0.7,21,3.5,0.2,128,0.1,199,2,0,0,2,https://upload.wikimedia.org/wikipedia/commons/thumb/2/2e/Ice_cream_with_whipped_cream%2C_chocolate_syrup%2C_and_a_wafer_%28cropped%29.jpg/1200px-Ice_cream_with_whipped_cream%2C_chocolate_syrup%2C_and_a_wafer_%28cropped%29.jpg
Ice cream sandwich,237,8.6,2.3,21,129,37,0,19,4.3,0,86,0.3,115,2,0,0,2.5,https://upload.wikimedia.org/wikipedia/commons/thumb/6/69/IceCreamSandwich.jpg/1200px-IceCreamSandwich.jpg
Ice cream chocolate,216,11,6.8,34,76,28,1.2,25,3.8,0.2,109,0.9,249,2,0,0,2,https://www.thespruceeats.com/thmb/T_Mru3-k0Zl9fqDaprCn2bjhek4=/1500x0/filters:no_upscale():max_bytes(150000):strip_icc()/easy-chocolate-ice-cream-recipe-1945798-hero-01-45d9f26a0aaf4c1dba38d7e0a2ab51e2.jpg
Vanilla ice cream,207,11,6.8,44,80,24,0.7,21,3.5,0.2,128,0.1,199,2,0,0,2,https://handletheheat.com/wp-content/uploads/2021/06/homemade-vanilla-ice-cream.jpg
Pudding,130,3.8,1,1,142,23,0,17,1.5,0,49,0.1,65,2D,0,0,2.5,https://www.justonecookbook.com/wp-content/uploads/2022/11/Japanese-Custard-Pudding-1211-I-2-500x375.jpg
Bread pudding,188,3.7,2,37,95,36,0.6,28,3.8,0.7,79,0.7,189.4,2D,0,0,2,https://www.onceuponachef.com/images/2022/11/bread-pudding.jpg
Banana bread pudding,295,13,8,69,366,42,1.4,24,3.7,0.2,86,1.2,183.2,2D,0,0,0.5,https://glutenfreecuppatea.co.uk/wp-content/uploads/2020/02/gluten-free-banana-bread-pudding-recipe-featured.jpg
Pumpkin bread pudding,148,4.4,1,33,147,24,1.6,13,4.5,0.6,82,1.3,197.9,2D,0,50,4,https://www.cookingclassy.com/wp-content/uploads/2017/10/pumpkin-bread-pudding-5.jpg
Nutella bread pudding,236,6.2,4.2,53,159,37,1.2,24,5.6,0.6,78,1.8,147.4,2D,0,0,2,https://www.anightowlblog.com/wp-content/uploads/2016/02/Nutella-Bread-Pudding-FEATURE2.jpg
Bread pudding chocolate,226,5.5,2.8,54,157,37,1.1,25,5.4,0.6,72,1.6,137.6,2D,0,0,2.5,https://www.thespruceeats.com/thmb/V1woROPLdzk_CWaR-fb_qxOqWMU=/1500x0/filters:no_upscale():max_bytes(150000):strip_icc()/IMG_1730fsq-5b71a24346e0fb004ff68396.jpg
Banana pudding,164,5.8,4.1,3.7,227,27,0.7,19,2.3,0.5,61,0.1,161.4,2D,0,50,1.5,https://www.allrecipes.com/thmb/_qOkqpTBO85JOIjNNqehF0V_JuY=/1500x0/filters:no_upscale():max_bytes(150000):strip_icc()/22749-the-best-banana-pudding-mfs-367-3c684cb51f6d4cc08b3a7aa4e926083c.jpg
Crepe,165,8.3,4.5,103,182,16,0.5,0.1,5.9,0.8,51,0.7,96.2,2D,0,0,3,https://www.jocooks.com/wp-content/uploads/2018/12/crepes-1-8.jpg
Chocolate crepe,186,7,3.8,85,162,25,0.9,9,5.2,0.7,44,0.9,119.1,2D,0,0,3,https://emmaduckworthbakes.com/wp-content/uploads/2023/02/Chocolate-Crepes-with-strawberries.jpg
Fruit crepe,97,3.3,1.7,36,74,14,1.4,6.5,3.2,0.3,60,0.4,186.1,2D,0,0,4,https://sulaandspice.com/wp-content/uploads/2021/12/Crepenew1-square.jpg
Cheesecake,321,23,9.9,55,438,26,0.4,22,5.5,0.5,51,0.6,90,2D,0,0,0.5,https://www.onceuponachef.com/images/2017/12/cheesecake-1200x1393.jpg
Cheesecake pudding,130,3.8,1,1,142,23,0,17,1.5,0,49,0.1,65,2D,0,0,2.5,https://static01.nyt.com/images/2019/02/25/dining/em-cheesecake-pudding/em-cheesecake-pudding-articleLarge.jpg
Chocolate cheesecake,374,25,14,90,226,35,1.3,28,5.5,0.2,58,2.4,162.5,2D,0,0,0.5,https://prettysimplesweet.com/wp-content/uploads/2019/09/Godiva-Cheesecake-Recipe.jpg
Strawberry cheesecake,218,12,5.4,30,171,27,0.8,20,2.6,0.2,43,0.4,103.6,2D,0,30,1,https://natashaskitchen.com/wp-content/uploads/2023/06/Strawberry-Cheesecake-3.jpg
Blueberry cheescake,57,0.3,0,0,1,14,2.4,10,0.7,0,6,0.3,77,2D,0,30,4.5,https://www.allrecipes.com/thmb/YgcuZwmbrQ1zLBgHMdYWlIalYGE=/1500x0/filters:no_upscale():max_bytes(150000):strip_icc()/7934-Blueberry-Cheesecake-ddmfs-107-4x3-1-b923ba1512404beaa1766396d6ce07c6.jpg
Cake,391,18,2.9,75,269,56,0.3,42,3,0.4,62,1.1,53,2D,0,0,0.5,https://handletheheat.com/wp-content/uploads/2015/03/Best-Birthday-Cake-with-milk-chocolate-buttercream-SQUARE.jpg
Coffee cake,418,23,5.8,32,351,47,2,0,6.8,0,54,1.9,123,2D,0,0,1,"https://assets.epicurious.com/photos/646fd1ec46df4526c7e6b42d/16:9/w_4097,h_2305,c_limit/coffee-cake_RECIPE_052423_16411_VOG_final.jpg"
Chocolate cake,389,20,5.9,22,348,53,2.2,40,3.5,0,30,3,270,2D,0,0,0.5,https://scientificallysweet.com/wp-content/uploads/2020/09/IMG_4087-feature-2.jpg
Red velvet cake,337,21,13,85,292,33,0.3,23,3.8,0.5,53,1.3,84,2D,0,30,0.5,https://handletheheat.com/wp-content/uploads/2013/04/red-velvet-cake-recipe-SQUARE.jpg
Carrot cake,333,17,6,50,240,42,0.9,29,3.8,0.1,55,1,118.5,2D,0,30,0.5,https://food.fnr.sndimg.com/content/dam/images/food/fullset/2007/2/16/0/ry0401_carrotcake.jpg.rend.hgtvcom.1280.1280.suffix/1552488933139.jpeg
Cookie,492,25,8.1,0,311,65,2,33,5.1,0,21,5.6,171,2D,0,0,0.5,https://upload.wikimedia.org/wikipedia/commons/thumb/f/f1/2ChocolateChipCookies.jpg/1200px-2ChocolateChipCookies.jpg
Oreo cookie,464,19,5.6,0,388,71,2.9,41,5.2,0,21,12,234,2D,0,0,0.5,https://upload.wikimedia.org/wikipedia/commons/thumb/1/1b/Oreo-Two-Cookies.png/1200px-Oreo-Two-Cookies.png
Chocolate chip cookie,492,25,8.1,0,311,65,2,33,5.1,0,21,5.6,171,2D,0,0,0.5,https://handletheheat.com/wp-content/uploads/2020/10/BAKERY-STYLE-CHOCOLATE-CHIP-COOKIES-9-637x637-1.jpg
Chocolate cookies,489,33,16,100,361,46,2,41,4.6,0.2,25,2.8,77.3,2D,0,0,0.5,https://cloudykitchen.com/wp-content/uploads/2022/12/chocolate-cookies-on-pan.jpg
Biscuit,353,16,4.3,3,580,45,1.5,2.2,7,0,235,2.9,121,2D,0,0,0.5,"https://hips.hearstapps.com/hmg-prod/images/homemade-biscuits-index-64beb17fc6d7c.jpg?crop=0.8890909550150287xw:1xh;center,top&resize=1200:*"
Egg biscuit,274,16,3.5,180,655,23,0.6,0,8.5,0,60,2.1,175,2D,0,0,0.5,https://www.foodnetwork.com/content/dam/images/food/fullset/2017/7/24/0/FNK_Sheet-Pan-Biscuit-Eggs-In-A-Hole-H1-2_s4x3.jpg
Chocolate biscuit,492,22,11,10,269,67,2.2,40,5.5,0,78,1,202.6,2D,0,0,0.5,"https://images.immediate.co.uk/production/volatile/sites/30/2020/08/easy_choc_biscuits-59ca9be.jpg?quality=90&resize=440,400"
Butter biscuit,467,19,11,117,282,69,0.8,20,6.1,0.4,29,2.2,111,2D,0,0,0.5,https://upload.wikimedia.org/wikipedia/commons/e/e5/2019-11-29_14_52_43_The_interior_of_a_tin_of_McKenzie_%26_Lloyds_Danish_Style_Butter_Cookies_in_the_Dulles_section_of_Sterling%2C_Loudoun_County%2C_Virginia.jpg
Waffle,291,14,2.9,69,511,33,0,0,7.9,0,255,2.3,159,2D,0,0,2.5,https://bydash.com/cdn/shop/articles/20230327191314-Rise_2520Waffle_Chocolate_2520Waffles.jpg?v=1679944418
Pancake,227,9.7,2.1,59,439,28,0,0,6.4,0,219,1.8,132,2D,0,0,3,https://www.allrecipes.com/thmb/WqWggh6NwG-r8PoeA3OfW908FUY=/1500x0/filters:no_upscale():max_bytes(150000):strip_icc()/21014-Good-old-Fashioned-Pancakes-mfs_001-1fa26bcdedc345f182537d95b6cf92d8.jpg
Pizza,266,9.7,4.5,17,598,33,2.3,3.6,11,0,188,2.5,172,2D,0,0,1,https://product.hstatic.net/1000389344/product/pizza__5_2023_web_1c0b9dd2e0ee4e3aac785c3c55ee86dd_master.jpg
Pepperoni pizza,282,12,5.1,25,685,32,2.3,3.3,12,0,153,2.5,195,2D,0,0,0.5,https://www.simplyrecipes.com/thmb/pjYMLcsKHkr8D8tYixmaFNxppPw=/1500x0/filters:no_upscale():max_bytes(150000):strip_icc()/__opt__aboutcom__coeus__resources__content_migration__simply_recipes__uploads__2019__09__easy-pepperoni-pizza-lead-3-8f256746d649404baa36a44d271329bc.jpg
Cheese pizza,266,9.7,4.5,17,598,33,2.3,3.6,11,0,188,2.5,172,2D,0,0,1,https://www.recipetineats.com/wp-content/uploads/2023/05/Garlic-cheese-pizza_9.jpg?w=500&h=500&crop=1
Chocolate donut,417,20,5.1,57,215,57,2.2,32,4.5,0,213,2.3,106,2D,0,0,0.5,https://www.sugarsaltmagic.com/wp-content/uploads/2021/11/Frosted-Chocolate-Sprinkle-Donuts-3FEAT.jpg
Sour cream donut,434,25,11,10,477,47,1.7,18,5.3,0,40,2.5,134,2D,0,0,0.5,https://handletheheat.com/wp-content/uploads/2021/10/square-sour-cream-donut.png
Frosted donut,421,22,9.2,29,310,49,2,25,5.9,0.1,97,2.3,99,2D,0,0,0.5,https://bakerbynature.com/wp-content/uploads/2015/01/IMG_3847-2.jpg
Grilled cheese,344,22,12,60,834,27,1.3,5.1,11,2.6,609,2.1,174.5,2D,0,0,0.5,https://cdn.loveandlemons.com/wp-content/uploads/2023/01/grilled-cheese.jpg
Butter popcorn,535,30,15,0,763,57,10,0.3,8.4,0,23,2.1,393,2D,0,0,0.5,https://www.recipetineats.com/wp-content/uploads/2018/08/Movie-Popcorn_0.jpg
Custard pie,196,7.2,2.6,100,135,27,0.5,18,5.6,1,72,0.9,121.6,2D,0,0,2.5,https://www.smalltownwoman.com/wp-content/uploads/2018/07/Custard-Pie-DSC_5033-III.jpg
Custard,122,4,2,51,84,18,0,4.8,4,1.2,139,0.3,207,2D,0,0,4.5,https://www.spendwithpennies.com/wp-content/uploads/2022/04/Vanilla-Custard-SpendWithPennies-10.jpg
Flan,145,4,1.8,90,53,23,0,23,4.5,0,83,0.4,118,2D,0,0,3,https://www.onceuponachef.com/images/2019/04/flan.jpg
Chocolate,535,30,19,23,79,59,3.4,52,7.7,0,189,2.4,372,2D,0,0,0.5,https://upload.wikimedia.org/wikipedia/commons/7/70/Chocolate_%28blue_background%29.jpg
Brownie,466,29,7.3,73,343,50,0,0,6.2,0,57,1.8,176,2D,0,0,0.5,https://cakesbymk.com/wp-content/uploads/2023/01/Template-Size-for-Blog-Photos-15.jpg
Cupcake,389,20,5.9,22,348,53,2.2,40,3.5,0,30,3,270,2D,0,0,0.5,https://natashaskitchen.com/wp-content/uploads/2020/05/Vanilla-Cupcakes-3.jpg
Mini cupcake,389,20,5.9,22,348,53,2.2,40,3.5,0,30,3,270,2D,0,0,0.5,https://www.barleyandsage.com/wp-content/uploads/2023/02/mini-cupcakes-1200x1200-1-500x500.jpg
Matcha cupcake,391,18,2.9,75,269,56,0.3,42,3,0.4,62,1.1,53,2D,0,0,0.5,https://takestwoeggs.com/wp-content/uploads/2022/04/Matcha-Cupcakes-Takestwoeggs-final-photography-sq.jpg
Pretzel,384,2.9,0.4,0,1240,80,3.4,2.2,10,0,27,4.6,223,2D,0,0,0.5,https://handletheheat.com/wp-content/uploads/2021/09/soft-pretzel-recipe-SQUARE.jpg
Croissant,406,21,12,67,467,46,2.6,11,8.2,0,37,2,118,2D,0,0,0.5,https://static01.nyt.com/images/2021/04/07/dining/06croissantsrex1/merlin_184841898_ccc8fb62-ee41-44e8-9ddf-b95b198b88db-videoSixteenByNineJumbo1600.jpg
Egg croissant,310,19,9.7,198,340,26,1.4,6.4,9.7,0.8,44,1.8,122.6,2D,0,0,0.5,"https://images.immediate.co.uk/production/volatile/sites/30/2020/08/croissants-2895249.jpg?resize=768,574"
Chocolate croissant,424,22,13,61,412,48,2.7,17,8.1,0,59,2.1,154.3,2D,0,0,0.5,https://www.homemadeinterest.com/wp-content/uploads/2021/10/Easy-Chocolate-Croissant_IG-4.jpg
French toast,263,13,6.2,155,284,28,1.3,4.8,8.7,0.9,79,2,115.7,2D,0,0,2.5,https://www.simplyrecipes.com/thmb/b48moNCTtaUYEc1Qyxhe9V66XKc=/1500x0/filters:no_upscale():max_bytes(150000):strip_icc()/Simply-Recipes-French-Toast-Lead-Shot-3b-c3a68a576a9548f5bd43cce3d2d7f4b7.jpg
Apple pie,237,11,3.8,0,201,34,1.6,16,1.9,0,11,0.5,65,2D,0,60,2.5,https://www.inspiredtaste.net/wp-content/uploads/2022/11/Apple-Pie-Recipe-Video.jpg
Pumpkin pie,243,9.8,2,26,239,35,1.8,19,3.9,0.1,64,0.9,167,2D,0,60,2.5,https://www.allrecipes.com/thmb/cBgOqHtdnS0XfCZDoWMHSFp_o8A=/1500x0/filters:no_upscale():max_bytes(150000):strip_icc()/ar-holiday-classics-23439-perfect-pumpkin-pie-ddmfs-4x3-BG-3900-05fd12327c204e41840d0016cbf281d1.jpg
Sweet potato pie,256,13,6.7,54,155,33,1.5,20,3,0.4,36,0.8,139.3,2D,0,60,1,https://www.allrecipes.com/thmb/Y5wp5m1GIALYygAX-v0mBfOCKkU=/1500x0/filters:no_upscale():max_bytes(150000):strip_icc()/12142-sweet-potato-pie-1-mfs233-2x1-1-516a9933a1da4d2e9554597754ac5617.jpg
Baklava,403,26,9.3,28,281,39,2.4,21,7.2,0,39,1.6,192.6,2D,0,0,0.5,https://www.allrecipes.com/thmb/LC_td-hRsYLeMiOF6Y4Z9Ocv19E=/1500x0/filters:no_upscale():max_bytes(150000):strip_icc()/9454-greek-baklava-s-tuttle-71eff77a5e3e4ceb94c1d48bafec55f1.jpeg
Cannoli,293,19,5.9,40,46,23,0.9,7.9,7.5,0.2,106,0.6,106.8,2D,0,0,3,https://www.cookingclassy.com/wp-content/uploads/2020/02/cannoli-20.jpg
Mousse,225,16,9.2,140,38,16,0.6,15,4.1,0,96,0.6,143,2D,0,0,0.5,https://www.onceuponachef.com/images/2019/04/Chocolate-Mousse.jpg
Mango mousse,211,14,8.9,44,19,19,0.7,18,3.9,0.6,32,0.1,109.9,2D,0,40,0.5,https://www.sugarsaltmagic.com/wp-content/uploads/2022/11/Mango-Mousse-8FEAT.jpg
Lemon mousse,115,2.9,1.7,11,267,20,0,0,2.7,0,99,0.1,127,2D,0,40,3.5,https://food.fnr.sndimg.com/content/dam/images/food/fullset/2014/2/27/0/BX0115H_Fresh-Lemon-Mousse_s4x3.jpg.rend.hgtvcom.616.462.suffix/1393777059236.jpeg
Pumpkin mousse,206,13,8.4,42,246,21,1.2,19,1.7,0.5,46,0.6,135.9,2D,0,40,0.5,"https://cdn.apartmenttherapy.info/image/upload/f_jpg,q_auto:eco,c_fill,g_auto,w_1500,ar_1:1/2023-09-pumpkin-cheesecake-mousse%2Fpumpkin-cheesecake-mousse-1068"
Strawberry mousse,204,14,8.7,43,19,18,0.8,16,3.7,0.6,33,0.2,102.5,2D,0,40,0.5,https://chocolatecoveredkatie.com/wp-content/uploads/2023/06/Strawberry-Mousse-Recipe-jpg.webp
Peanut butter mousse,408,39,19,79,214,9.1,1.5,4.2,8.7,0.8,70,0.7,236.4,2D,0,0,0.5,https://www.allrecipes.com/thmb/WMFOzESEFhzvdoa74je-LTXRF2I=/1500x0/filters:no_upscale():max_bytes(150000):strip_icc()/4453566-87b196742fb54c378006dd4e790afdc9.jpg
Passion fruit mousse,223,8.7,5.5,30,61,33,1,32,4.1,0.3,129,0.4,286.9,2D,0,40,0.5,https://simplelivingrecipes.com/wp-content/uploads/2020/05/mousse-de-maracuja-colherada-vertical-1.jpg
Chocolate mousse,225,16,9.2,140,38,16,0.6,15,4.1,0,96,0.6,143,2D,0,0,0.5,https://www.onceuponachef.com/images/2019/04/Chocolate-Mousse.jpg
Creme brulee,343,30,18,222,27,15,0,15,4.1,1.9,68,0.5,89.5,2D,0,0,0.5,https://www.onceuponachef.com/images/2023/02/Creme-brulee-1-1200x814.jpg
Lasagna,156,8.4,4,43,409,9,1,2.9,11,0.3,137,1.2,270.4,2D,0,0,4,https://cdn.tgdd.vn/Files/2021/08/18/1376134/lasagne-la-gi-cach-lam-mon-lasagne-chuan-y-202108181927294271.jpg
Beef lasagna,156,8.4,4,43,409,9,1,2.9,11,0.3,137,1.2,270.4,2D,0,0,4,https://www.recipetineats.com/wp-content/uploads/2017/05/Lasagne-recipe-3-main-square.jpg
Veggie lasagna,115,6.5,3.6,28,173,7.1,1,1.5,7,0.2,124,0.6,165,2D,0,40,4.5,https://thedessertedgirl.com/wp-content/uploads/2020/04/VeggieLasagna5.jpg
Cheese lasagna,143,6.4,3.4,41,198,13,1.1,1.7,7.7,0.2,117,0.9,148.4,2D,0,0,4,https://www.inspiredtaste.net/wp-content/uploads/2022/06/Cheese-Lasagna-Recipe-5-1200-1200x800.jpg
Turkey lasagna,164,8.4,3.7,32,343,12,1.1,1.9,9.9,0.2,132,1,178.7,2D,0,0,4,"https://cdn.apartmenttherapy.info/image/upload/f_jpg,q_auto:eco,c_fill,g_auto,w_1500,ar_1:1/k%2FPhoto%2FRecipes%2F2021-03-turkey-lasagna%2F2021-03-23_ATK_47149"
Macaroni and cheese,190,8.3,1.8,3,338,24,1.2,4.3,4.9,0,63,1,129,2D,0,0,4,https://www.allrecipes.com/thmb/CanMXBeN-9DZyRSzDxLAoy0w-t8=/1500x0/filters:no_upscale():max_bytes(150000):strip_icc()/238691-Simple-Macaroni-And-Cheese-mfs_006-f7f521c65f894aef85e17bc9125c2c4a.jpg
Lobster bisque,106,6.6,3.8,34,145,3.7,0.2,2.1,6.5,0.1,44,0.4,140.7,2D,0,0,4,https://www.tastingtable.com/img/gallery/rich-and-creamy-lobster-bisque-recipe/l-intro-1688145019.jpg
Tomato bisque,56,4.5,2.7,14,252,3.6,0.8,2.4,1.3,0.2,25,0.6,143.2,2D,0,0,3,https://pinchandswirl.com/wp-content/uploads/2018/09/Creamy-Tomato-Bisque-square.jpg
Crab bisque,84,5.8,3.7,34,259,2.3,0.2,1.6,4.3,0,50,0.2,116.4,2D,0,0,3,https://www.wildforsalmon.com/cdn/shop/articles/Snow_Crab_Bisque_blog_photo.jpg?v=1651087243
Nachos,224,17,7.1,51,317,4.8,0.7,1.8,12,0.1,164,1,228.6,2D,0,0,3,https://staticcookist.akamaized.net/wp-content/uploads/sites/22/2018/04/nachos.jpg
Nachos cheese,191,14,8.4,44,776,8.4,0.1,2.2,8.3,3,627,0.4,184.2,2D,0,0,0.5,https://www.seriouseats.com/thmb/YBUAG17xy1nWYGPmFcJKeoODTzk=/1500x0/filters:no_upscale():max_bytes(150000):strip_icc()/cheese-sauce-for-cheese-fries-and-nachos-hero-01-e6ccf966688c43ec8025cf9a19678423.jpg
Fajita nachos,177,12,4.9,46,292,4.9,0.8,2,12,0.1,138,0.5,188.6,2D,0,0,4,https://www.completelydelicious.com/wp-content/uploads/2020/08/steak-fajita-nachos-11.jpg
Pork nachos,183,12,6.1,41,490,10,1,6.3,9.3,0.2,180,0.6,210.9,2D,0,0,0.5,https://img.buzzfeed.com/video-api-prod/assets/6981da88d0e84ac9af63f65f67712e89/FB_2.jpg?resize=1200:*
Steak nachos,226,18,7.3,53,307,4.8,0.7,1.8,12,0.2,161,0.7,211.7,2D,0,0,3,https://food.fnr.sndimg.com/content/dam/images/food/plus/fullset/2020/10/22/0/FNKLive_Jet-Tila-Steak-Nachos.jpg.rend.hgtvcom.1280.1280.suffix/1604098106256.jpeg
Nachos chicken,195,14,5.5,51,327,4.7,0.7,1.8,14,0.1,156,0.6,198,2D,0,0,4,https://s23209.pcdn.co/wp-content/uploads/2021/08/Instant-Pot-Chicken-NachosIMG_1107.jpg
Veggie nachos,164,11,5,26,263,9.5,2.5,2.1,6.9,0.1,165,0.7,228.7,2D,0,40,4,"https://img.jamieoliver.com/jamieoliver/recipe-database/127199522.jpg?tr=w-800,h-1066"
Chili nachos,181,12,5.8,34,381,11,2.1,1.5,9.2,0.2,225,1.6,223.3,2D,0,40,3,https://food.fnr.sndimg.com/content/dam/images/food/fullset/2021/01/26/0/Mary_McCartney-nachos_s4x3.jpg.rend.hgtvcom.1280.1280.suffix/1611688553007.jpeg
Onion ring,356,19,3.4,0,692,41,2.6,4.7,4.9,0,21,0.7,142,2D,0,100,4,https://natashaskitchen.com/wp-content/uploads/2022/06/Onion-Rings-Recipe-5.jpg
Tiramisu,329,25,15,176,173,20,0.2,12,4.8,0.9,68,0.9,92.5,2D,0,0,0.5,https://recipetineats.com/wp-content/uploads/2016/03/Tiramisu_5.jpg
Shortcake,314,14,7.3,27,764,41,1.3,4,6,0.2,253,1,98.8,2D,0,0,0.5,https://cdn.loveandlemons.com/wp-content/uploads/2020/06/strawberry-shortcake-500x500.jpg
Strawberry shortcake,172,10,5.6,35,114,19,1.4,8.1,2.4,0.2,74,0.5,121,2D,0,50,2.5,https://lilluna.com/wp-content/uploads/2020/01/easy-strawberry-shortcake-4-scaled.jpg
Cherry shortcake,216,12,6.9,38,137,25,1.3,12,3.1,0.5,87,1,147.5,2D,0,50,2,"https://cdn.apartmenttherapy.info/image/upload/f_jpg,q_auto:eco,c_fill,g_auto,w_1500,ar_4:3/k%2FPhoto%2FRecipes%2F2023-06-cherry-shortcake%2Fcherry-shortcake-135"
Caramel shortcake,478,30,19,64,203,53,1.7,38,4.1,0,69,1.5,175.5,2D,0,0,0.5,https://www.janespatisserie.com/wp-content/uploads/2020/04/IMG_9419_1-scaled.jpg
Risotto,122,3.9,2.1,11,431,16,0.4,1.4,4.3,0.1,49,0.5,101.7,2D,0,0,3,"https://hips.hearstapps.com/hmg-prod/images/del089923-risotto-web-001-ab-index-64e7a1083b54e.jpg?crop=0.6666666666666666xw:1xh;center,top&resize=1200:*"
Shrimp risotto,122,3.4,1.7,54,544,13,0.3,1.1,8.3,0,58,0.4,116.6,2D,0,0,3.5,https://www.platingsandpairings.com/wp-content/uploads/2020/04/shrimp-risotto-22-scaled.jpg
Chicken risotto,99,2.4,0.5,18,170,10,0.5,1.1,7.7,0.1,16,1,142.8,2D,0,0,5,"https://images.immediate.co.uk/production/volatile/sites/2/2021/02/Chicken-risotto-fdce9c5.jpg?quality=90&resize=556,505"
Pumpkin risotto,87,2.1,0.6,2.7,131,13,0.5,1.5,2.5,0,27,0.5,143,2D,0,40,4,https://www.spoonforkbacon.com/wp-content/uploads/2020/10/pumpkin-risotto-recipe-card.jpg
Short rib risotto,135,6.6,2.5,22,152,11,0.4,1,7.1,0.1,17,1.3,156.5,2D,0,0,4.5,https://www.foodandwine.com/thmb/wRwdy5OFQC_l_Plt8EanCpQtLSo=/1500x0/filters:no_upscale():max_bytes(150000):strip_icc()/Cola-Braised-Short-Ribs-With-Parmigiano-Risotto-FT-BLOG1122-15285f3d8d9b44ab9122329c9f9f3256.jpg
Mushroom risotto,83,3.3,1.3,5.5,91,10,0.3,1.3,2.6,0.1,11,0.3,145.5,2D,0,40,4,https://cdn.loveandlemons.com/wp-content/uploads/2023/01/mushroom-risotto.jpg
Mashed potato,113,4.2,0.8,1,333,17,1.5,1.4,2,0.2,21,0.3,326,2D,0,100,5,https://i0.wp.com/www.onceuponachef.com/images/2017/11/Make-Ahead-Mashed-Potatoes-6.jpg?resize=760%2C995&ssl=1
Mashed sweet potato,154,6.7,4.2,18,76,23,1.6,14,1.4,0.3,52,0.5,202.1,2D,0,100,4.5,https://i2.wp.com/www.downshiftology.com/wp-content/uploads/2019/10/mashed-sweet-potato.jpg
Mashed cauliflower,90,7.4,4.4,19,305,4.3,2,1.9,2.9,0,50,0.3,136.2,2D,0,100,5,https://cdn.loveandlemons.com/wp-content/uploads/2020/10/mashed-cauliflower.jpg
Poutine,222,14,5.7,27,397,16,1.3,0.3,7.1,0.2,187,0.3,223.4,2D,0,0,2.5,https://www.seriouseats.com/thmb/vICHAu16XWhAc-WLQV-7avihHKY=/1500x0/filters:no_upscale():max_bytes(150000):strip_icc()/ultimate-perfect-poutine-fries-cheese-curds-gravy-recipe-hero-2-7637732f8c174bc59f9b84e7b6e6b660.jpg
Dark chocolate,546,31,19,8,24,61,7,48,4.9,0,56,8,559,2D,0,0,0.5,https://media.post.rvohealth.io/wp-content/uploads/2021/02/dark-chocolate-bar-732x549-thumbnail-732x549.jpg
Chocolate banana,223,9.8,5.1,5.8,38,32,3,22,3.7,0,54,0.8,372.8,2D,0,0,2.5,https://www.fitmittenkitchen.com/wp-content/uploads/2022/05/Chocolate-Covered-Banana-Pops-Recipe-11.jpg
Chocolate orange,535,30,19,23,79,59,3.4,52,7.7,0,189,2.4,372,2D,0,0,0.5,https://upload.wikimedia.org/wikipedia/commons/thumb/f/fd/Terrys-Chocolate-Orange.jpg/1200px-Terrys-Chocolate-Orange.jpg
Muffin,375,16,2.8,30,336,53,1.1,31,4.5,0.1,44,1.3,121,2D,0,0,0.5,https://www.sharmispassions.com/wp-content/uploads/2019/04/VanillaMuffins7-500x500.jpg
Egg muffin,228,9.7,3.6,165,617,22,1.1,2.1,14,0,192,2.3,173,2D,0,0,4,https://www.wellplated.com/wp-content/uploads/2018/02/Breakfast-Egg-Muffin-Cups.jpg
Corn muffin,305,8.4,1.4,26,467,51,3.4,18,5.9,0,74,2.8,69,2D,0,40,1.5,https://recipetineats.com/wp-content/uploads/2014/10/Cornbread-Muffins_9.jpg
Bran muffin,270,7.4,1.1,0,393,48,4.6,8.2,7,0,63,4.2,507,2D,0,40,4,https://www.ambitiouskitchen.com/wp-content/uploads/2023/03/Grandmas-Healthy-Bran-Muffins-7.jpg
Berry muffin,375,16,2.8,30,336,53,1.1,31,4.5,0.1,44,1.3,121,2D,0,40,0.5,https://natashaskitchen.com/wp-content/uploads/2019/02/Breakfast-Muffins-5.jpg
Banana muffin,265,8.3,5,42,421,45,1.7,23,3.6,0.1,44,1.3,188,2D,0,40,0.5,https://allergylicious.com/wp-content/uploads/2021/04/Banana-Muffin-2021-1-scaled-720x540.jpg
Rasperry muffin,375,16,2.8,30,336,53,1.1,31,4.5,0.1,44,1.3,121,2D,0,40,0.5,https://www.abakingjourney.com/wp-content/uploads/2019/07/Lemon-Raspberry-Muffins1-e1575329012504.jpg
Chocolate chip muffin,340,15,4,25,354,48,1.8,21,5.5,0.4,144,2.3,137.5,2D,0,0,0.5,https://www.allrecipes.com/thmb/sgaMQXMPrmKd68y0j7YkgB-ueZ4=/1500x0/filters:no_upscale():max_bytes(150000):strip_icc()/Chocolate-Chip-Muffins-78e5918a1e30420a8be27a5f62623dba.jpg
Oils,884,100,6.5,0,0,0,0,0,0,0,0,0,0,3,0,0,4,https://www.daringgourmet.com/wp-content/uploads/2015/02/olive-oil-uncropped.jpg
Palm oils,884,100,49,0,0,0,0,0,0,0,0,0,0,3,0,0,1,https://domf5oio6qrcr.cloudfront.net/medialibrary/2435/w1007d1620724772795.jpg
Sesame oils,884,100,14,0,0,0,0,0,0,0,0,0,0,3,0,0,3,https://blog-images-1.pharmeasy.in/blog/production/wp-content/uploads/2022/11/27072621/18-1-741x452.jpg
Vegetable oils,884,100,7.4,0,0,0,0,0,0,0,0,0,0,3,0,0,4,"https://media.cnn.com/api/v1/images/stellar/prod/170320161317-vegetable-oil-stock.jpg?q=w_5000,h_2812,x_0,y_0,c_fill"
Coconut oils,892,99,82,0,0,0,0,0,0,0,1,0.1,0,3,0,0,1,https://www.healthshots.com/wp-content/uploads/2023/09/coconut-oil.jpg
Margarine,717,81,15,0,2,0.7,0,0,0.2,0,3,0.1,18,3,0,0,3.5,https://upload.wikimedia.org/wikipedia/commons/thumb/5/5c/Margarine.jpg/1200px-Margarine.jpg
Butter,717,81,51,215,643,0.1,0,0.1,0.9,0,24,0,24,3,0,0,0.5,https://cdn.britannica.com/27/122027-050-EAA86783/Butter.jpg
Cheese,404,33,19,99,653,3.1,0,0.5,23,0.6,710,0.1,76,3D,0,0,3.5,https://img.freepik.com/free-vector/simple-cheese-isolated-cartoon_1308-124064.jpg
Blue cheese,353,29,19,75,1146,2.3,0,0.5,21,0.5,528,0.3,256,3D,0,0,2,https://cdn.britannica.com/21/78721-050-E0525C8E/stilton-cheese.jpg
Cheese plate,389,29,17,99,1049,4.9,0,0.3,26,0.5,683,0.4,137.7,3D,0,0,3,https://www.lifeasastrawberry.com/wp-content/uploads/2018/11/ultimate-cheese-plate.jpg
Feta cheese,264,21,15,89,917,4.1,0,4.1,14,0.4,493,0.7,62,3D,0,0,4,https://upload.wikimedia.org/wikipedia/commons/thumb/2/28/Feta_Cheese.jpg/1200px-Feta_Cheese.jpg
Goat cheese,264,21,15,46,459,0,0,0,19,0.4,140,1.9,26,3D,0,0,5,https://thepracticalkitchen.com/wp-content/uploads/2019/08/homemade-goat-cheese-1x1-8428.jpg
Swiss cheese,393,31,18,93,187,1.4,0,0,27,0,890,0.1,72,3D,0,0,5,https://upload.wikimedia.org/wikipedia/commons/thumb/e/ec/NCI_swiss_cheese.jpg/640px-NCI_swiss_cheese.jpg
Cheddar cheese,404,33,19,99,653,3.1,0,0.5,23,0.6,710,0.1,76,3D,0,0,3.5,https://i5.walmartimages.com/seo/Great-Value-Shredded-Medium-Cheddar-Cheese-8-oz_fd50abdf-b14d-42bb-b533-74ac6477ee95.22ab7ee970acff2f05ba85f462773913.jpeg
Parmesan cheese,420,28,15,86,1804,14,0,0.1,28,0.5,853,0.5,180,3D,0,0,1,https://post.healthline.com/wp-content/uploads/2021/05/parmesan-cheese-1296x728-header.jpg
Mozzarella cheese,300,22,13,79,627,2.2,0,1,22,0.4,505,0.4,76,3D,0,0,5,https://www.seriouseats.com/thmb/0LrG8tB4BkzQarr2fqrpykcaDBg=/1500x0/filters:no_upscale():max_bytes(150000):strip_icc()/__opt__aboutcom__coeus__resources__content_migration__serious_eats__seriouseats.com__recipes__images__2015__10__20151017-pies-vicky-wasik-2-6f491edb6065485a86d6af639a592298.jpg
Cottage cheese,98,4.3,1.7,17,364,3.4,0,2.7,11,0.1,83,0.1,104,3D,0,0,5,https://cdn.tgdd.vn/Files/2021/09/27/1385896/cottage-cheese-co-giam-can-khong-cach-lam-cottage-don-gian-202201071048598779.jpg
Khoa,373,22,14,75,257,27,0,27,18,7.3,633,0.3,912.6,3D,0,0,5,https://cdn.tgdd.vn/Files/2020/08/24/1283377/cac-loai-o-khoa-pho-bien-hien-nay-va-cong-dung-tun-27.jpg
Hu tieu,66,2.1,0.7,40,142,4.9,0.2,0.3,6.5,0.1,10,0.6,59.1,2,0,0,4,https://www.wokandkin.com/wp-content/uploads/2020/04/Hu-Tieu-saved-for-web.png
Bun Rieu,157,8.4,2.9,52,141,7.7,0.5,1.5,12.2,0,20,0.9,151.9,2,0,0,4,https://i.ytimg.com/vi/C1P1Cw9J1-I/maxresdefault.jpg
Com tam,178,6,2.1,95,135,18,0,0.1,11.7,0,16,1.5,155.3,2,0,0,4,https://upload.wikimedia.org/wikipedia/commons/b/b0/C%C6%A1m_T%E1%BA%A5m%2C_Da_Nang%2C_Vietnam.jpg
Banh beo,220,3,1,80,800,42,2,3,6,0,40,2,130,2,0,0,3,https://www.cooking-therapy.com/wp-content/uploads/2018/09/Banh-Beo-5.jpg
Bun dau mam tom,278,3.8,0.9,0,500,50,2.1,6.4,9.9,0,173,3.4,127,2,0,0,3.5,https://cdn.tgdd.vn/2021/12/CookDishThumb/cach-lam-bun-dau-mam-tom-ngon-ngat-ngay-an-mot-lan-la-ghien-thumb-620x620.jpg
Banh gio,295,14,3,27,483,34,1,1,8,0,16,1,157,2,0,0,3,https://cdn.tgdd.vn/Files/2019/11/20/1220697/huong-dan-cach-lam-banh-gio-nong-mem-min-don-gian-8-760x367.jpg
Bo luc lac,273,22,6.6,54,290,2.7,0.2,1.4,16,0,29,2.2,300,2,0,0,3,https://i.ytimg.com/vi/0X5m98q3Pn0/maxresdefault.jpg
Siu mai,252,5,1.7,35,328,39.6,1.7,0.5,10.1,0,18,2.8,175,2,0,0,3.5,https://bellyrumbles.com/wp-content/uploads/2021/02/pork-siu-mai-recipe.jpg
Sausage pizza,280,12,5,23,633,31,2.3,3.3,12,0,144,2.4,197,2D,0,0,1,https://recipes.net/wp-content/uploads/2023/05/toppers-pizzas-italian-sausage-pizza_314ed87e1728e330b964aa99efb8c7b6.jpeg
Cauliflower pizza,122,7.2,3.7,62,451,5.6,1.5,2,9.3,0.3,222,0.6,156.7,2D,0,20,3.5,https://www.ambitiouskitchen.com/wp-content/uploads/fly-images/51040/Cauliflower-Pizza-Crust-12-500x500-c.jpg
Pineapple pizza,230,8.1,3.7,14,499,30,2.2,4.6,9.6,0,159,2.1,161.5,2D,0,40,3.5,https://www.jessicagavin.com/wp-content/uploads/2020/07/hawaiian-pizza-16-1200.jpg
Shredded pork,292,21,7.9,90,68,0,0,0,23,1.5,24,1.3,329,2,0,0,3.5,"https://hips.hearstapps.com/hmg-prod/images/pulled-pork-index-649c95dff24a9.jpg?crop=0.8891481157447911xw:1xh;center,top&resize=1200:*"
